from,to,weight,type
s2050,s1112,14,
s1565,s2661,2,
s655,s925,1,
s1643,s293,15,
s1018,s2085,6,
s2269,s2636,9,
s2656,s1959,0,
s2997,s738,14,
s626,s2405,2,
s2485,s1769,18,
s1592,s904,20,
s857,s719,4,
s1020,s1405,18,
s2489,s2139,2,
s705,s2023,19,
s671,s1620,8,
s621,s2790,2,
s1783,s1265,11,
s2888,s771,8,
s2966,s1127,15,
s1520,s600,19,
s151,s1973,13,
s1653,s2048,18,
s661,s252,3,
s2309,s1586,2,
s2426,s1504,16,
s461,s1321,20,
s1361,s590,0,
s2625,s729,2,
s2614,s2552,4,
s1711,s642,20,
s243,s554,6,
s1487,s860,9,
s1843,s1877,5,
s1508,s2667,4,
s1544,s395,4,
s1332,s170,14,
s2486,s1595,20,
s2561,s1946,18,
s221,s690,3,
s393,s1744,4,
s1168,s1226,5,
s86,s1117,20,
s663,s1372,4,
s224,s961,4,
s1521,s544,19,
s185,s1675,13,
s2284,s806,6,
s168,s51,18,
s2678,s1368,12,
s1189,s487,15,
s1672,s1940,13,
s1613,s2259,20,
s1052,s923,20,
s2549,s432,15,
s1206,s2317,10,
s2993,s1310,5,
s1457,s1205,3,
s70,s296,19,
s1418,s2771,2,
s2015,s2924,3,
s1566,s1850,6,
s40,s1335,4,
s2577,s543,7,
s2677,s1594,14,
s2450,s1606,2,
s2173,s803,18,
s885,s2771,6,
s1304,s1412,18,
s2398,s140,11,
s1651,s743,16,
s2664,s1543,3,
s1339,s2828,2,
s1993,s2686,14,
s2020,s517,10,
s1747,s1325,10,
s2426,s2746,6,
s2760,s2443,14,
s22,s1257,0,
s1930,s1249,4,
s1139,s848,15,
s860,s2038,9,
s2557,s1883,1,
s1575,s1336,2,
s2299,s1242,12,
s1623,s2579,8,
s1045,s985,13,
s664,s2106,18,
s1725,s2353,11,
s2236,s1083,9,
s2900,s2135,3,
s656,s299,15,
s1623,s1954,17,
s730,s504,15,
s2876,s324,8,
s2494,s2099,6,
s1959,s1198,7,
s93,s1957,1,
s1743,s419,19,
s1789,s535,17,
s531,s815,10,
s2770,s1124,11,
s1219,s2562,7,
s1784,s2247,13,
s2341,s1916,0,
s2069,s538,19,
s2822,s162,10,
s2464,s1094,7,
s2564,s979,15,
s2625,s1872,19,
s2596,s868,19,
s1813,s1969,11,
s319,s2,20,
s531,s2327,16,
s2715,s604,19,
s1614,s2663,20,
s261,s1017,15,
s387,s230,7,
s552,s525,15,
s647,s2600,8,
s1008,s2470,5,
s2409,s216,12,
s1395,s1626,3,
s1093,s1816,14,
s495,s1725,4,
s2760,s1270,2,
s1670,s844,12,
s1407,s2259,3,
s2913,s812,16,
s1753,s2900,10,
s2460,s2540,1,
s2883,s2787,19,
s2783,s719,17,
s2094,s1199,12,
s725,s2695,1,
s1211,s701,4,
s579,s2430,3,
s921,s2475,17,
s2806,s425,14,
s1764,s1779,18,
s2108,s840,4,
s169,s970,1,
s574,s2944,6,
s875,s1043,10,
s99,s755,1,
s761,s1568,20,
s475,s1230,11,
s827,s869,14,
s110,s2850,7,
s2654,s2539,13,
s2396,s1234,9,
s2902,s417,8,
s1115,s371,8,
s1306,s1023,0,
s1968,s1156,10,
s2558,s2488,3,
s1025,s2539,7,
s2674,s823,6,
s996,s235,16,
s1391,s690,0,
s681,s1807,6,
s1504,s2648,3,
s1098,s1565,5,
s1021,s117,4,
s761,s2097,17,
s1030,s2864,6,
s1069,s698,3,
s2301,s1310,6,
s2992,s1764,3,
s1888,s1147,4,
s1778,s118,12,
s1130,s1744,13,
s1868,s1894,6,
s804,s325,18,
s9,s2297,17,
s349,s922,0,
s161,s176,11,
s1145,s1883,10,
s2194,s620,3,
s944,s2381,2,
s1532,s2636,9,
s1817,s2539,16,
s2779,s1363,6,
s1577,s2076,5,
s477,s226,12,
s509,s1364,2,
s2902,s2450,3,
s1447,s716,3,
s531,s440,12,
s1252,s2240,12,
s448,s1085,4,
s2243,s884,18,
s1992,s2677,0,
s2976,s1413,5,
s1860,s1600,14,
s1077,s871,16,
s2997,s153,9,
s933,s1451,19,
s2623,s1952,2,
s945,s716,1,
s1072,s412,17,
s2814,s1112,3,
s437,s2492,5,
s2389,s152,13,
s2506,s1672,6,
s1013,s550,7,
s897,s316,19,
s921,s1586,7,
s1349,s853,18,
s1135,s989,0,
s179,s2803,13,
s2347,s2900,2,
s1482,s1640,12,
s11,s1085,20,
s2066,s2300,5,
s2692,s162,20,
s1472,s2040,16,
s1741,s883,18,
s1929,s319,0,
s1124,s1147,1,
s2056,s447,10,
s371,s1924,15,
s2062,s199,10,
s2750,s1413,13,
s1348,s1320,19,
s1148,s1040,4,
s2423,s202,1,
s1360,s1598,15,
s2664,s2938,4,
s2815,s165,15,
s1886,s2643,1,
s2307,s957,1,
s208,s2288,4,
s1271,s1716,14,
s1732,s64,2,
s2970,s1504,2,
s193,s1043,12,
s2041,s1337,12,
s2802,s2187,20,
s306,s2551,5,
s524,s2838,10,
s264,s2491,11,
s2690,s2751,0,
s1654,s2686,11,
s1564,s1532,3,
s510,s723,14,
s2012,s1257,13,
s1460,s2425,17,
s1704,s2737,13,
s503,s1328,8,
s134,s161,13,
s633,s1824,3,
s2611,s2196,5,
s1475,s568,18,
s1220,s1099,7,
s893,s2114,7,
s2977,s597,16,
s1671,s2443,8,
s261,s1974,13,
s690,s1086,17,
s1588,s808,6,
s394,s1450,17,
s199,s537,10,
s2512,s2925,7,
s1956,s1717,12,
s1087,s2981,16,
s1017,s1605,9,
s1134,s732,7,
s1965,s1850,7,
s860,s633,6,
s2183,s2636,2,
s2909,s134,5,
s1105,s2998,20,
s158,s239,0,
s2595,s995,6,
s1894,s1295,11,
s814,s2572,17,
s2783,s1233,3,
s1551,s311,12,
s405,s147,7,
s2866,s218,15,
s317,s1543,8,
s568,s2521,5,
s1585,s2926,4,
s2602,s532,9,
s288,s2856,18,
s1116,s1359,6,
s2851,s1205,13,
s2458,s2504,14,
s56,s1204,17,
s892,s2210,3,
s1032,s1867,1,
s878,s2656,17,
s216,s2245,8,
s2078,s2941,15,
s1851,s1302,13,
s103,s1159,18,
s1987,s2013,17,
s162,s1960,10,
s1651,s888,0,
s1121,s2985,16,
s1113,s298,8,
s2437,s2682,3,
s781,s2034,20,
s2089,s1451,6,
s919,s1358,4,
s2747,s892,9,
s2959,s2994,19,
s2660,s1075,3,
s369,s1604,10,
s1877,s1600,18,
s2090,s1959,13,
s2610,s725,4,
s1549,s2844,16,
s1083,s2230,10,
s2178,s2850,7,
s1144,s2786,11,
s1069,s2551,4,
s147,s2574,3,
s1996,s2061,18,
s372,s2982,10,
s1904,s1445,19,
s864,s743,20,
s372,s80,18,
s2643,s1629,15,
s2173,s2811,8,
s719,s1331,20,
s2409,s1278,15,
s1478,s58,19,
s1998,s234,17,
s50,s381,11,
s54,s1503,4,
s891,s29,14,
s1525,s1290,0,
s1696,s2025,14,
s2839,s2231,18,
s1696,s1104,8,
s2638,s1277,5,
s2421,s206,0,
s2173,s205,14,
s2697,s285,16,
s2385,s1903,16,
s1795,s162,13,
s1183,s2166,16,
s1715,s1294,10,
s73,s235,10,
s763,s2962,7,
s918,s1032,14,
s1809,s1194,13,
s2407,s977,13,
s1621,s292,4,
s45,s131,19,
s2610,s217,14,
s2668,s684,11,
s1067,s2796,14,
s930,s2690,11,
s2317,s2683,0,
s1447,s1959,9,
s2549,s2823,4,
s333,s1616,8,
s1084,s1026,17,
s2931,s1670,14,
s1846,s688,18,
s683,s1726,10,
s622,s1673,2,
s1268,s210,13,
s932,s1469,18,
s2382,s1794,3,
s121,s1392,11,
s1463,s774,10,
s1997,s1156,10,
s908,s970,18,
s2827,s2335,19,
s2803,s1351,2,
s2901,s2992,18,
s889,s2526,14,
s2913,s1291,7,
s391,s1136,13,
s389,s2946,1,
s539,s2060,7,
s912,s297,2,
s2201,s643,0,
s254,s2757,14,
s673,s2469,20,
s825,s1469,9,
s1921,s2499,9,
s1339,s1491,1,
s1616,s2525,8,
s1610,s1863,7,
s240,s2686,7,
s1173,s1838,19,
s99,s2505,9,
s1742,s2499,5,
s2856,s711,13,
s1489,s484,13,
s2710,s1297,15,
s238,s1714,15,
s2217,s2913,19,
s581,s2306,7,
s630,s942,17,
s1584,s664,3,
s1030,s2927,17,
s128,s491,8,
s311,s1118,16,
s2317,s908,11,
s722,s528,15,
s247,s1094,8,
s475,s650,20,
s1009,s2951,2,
s834,s304,6,
s444,s1401,5,
s1323,s1825,4,
s1931,s1938,1,
s1888,s497,12,
s1065,s1198,5,
s2924,s2702,18,
s2372,s2448,9,
s2729,s2824,4,
s1027,s1897,1,
s329,s261,20,
s1124,s1468,2,
s893,s1027,2,
s1659,s1722,14,
s2256,s763,7,
s2352,s2376,7,
s2752,s1856,20,
s1063,s830,10,
s1963,s780,7,
s2687,s475,9,
s817,s296,10,
s2118,s388,1,
s508,s1191,16,
s2411,s517,14,
s2567,s2642,5,
s1552,s855,10,
s2732,s1492,5,
s2875,s1936,8,
s867,s837,4,
s1732,s2336,14,
s2241,s974,2,
s1711,s2198,0,
s2214,s77,9,
s748,s2948,9,
s2915,s724,2,
s2221,s1842,2,
s2856,s918,10,
s1116,s1225,2,
s2563,s1306,9,
s504,s2613,4,
s2498,s2277,2,
s2368,s97,3,
s288,s2229,15,
s2121,s247,8,
s1025,s147,8,
s755,s921,12,
s807,s476,1,
s1716,s2247,0,
s1232,s2828,1,
s340,s393,19,
s2557,s2803,2,
s2189,s1208,15,
s816,s2102,16,
s1692,s120,7,
s2091,s289,9,
s1883,s2721,6,
s126,s2869,9,
s107,s2347,9,
s2254,s410,13,
s1593,s1056,11,
s146,s2106,20,
s2105,s2658,14,
s1048,s2591,4,
s1054,s1467,15,
s216,s2004,4,
s97,s1975,14,
s136,s2433,16,
s402,s1492,1,
s692,s2918,1,
s2753,s1892,3,
s1162,s1982,2,
s409,s808,4,
s671,s1136,1,
s252,s2192,0,
s1675,s2171,18,
s2955,s1475,19,
s225,s2169,18,
s2265,s2638,20,
s2244,s2152,3,
s1177,s722,7,
s2202,s1377,15,
s253,s2650,19,
s2498,s2497,7,
s1180,s2462,8,
s2753,s2532,7,
s1579,s1585,7,
s1303,s2881,8,
s2838,s2105,6,
s2488,s2747,0,
s2733,s564,12,
s872,s2426,1,
s716,s2335,19,
s1378,s444,0,
s2082,s2904,2,
s155,s472,3,
s1131,s2212,12,
s1930,s201,9,
s2824,s2918,17,
s1388,s548,4,
s1638,s1773,13,
s34,s854,1,
s2588,s1802,17,
s2651,s1972,14,
s1738,s692,15,
s2492,s1627,1,
s29,s2922,12,
s1348,s1809,11,
s784,s1877,6,
s1712,s2130,3,
s1944,s157,1,
s756,s433,20,
s1969,s1471,2,
s1764,s1970,11,
s1189,s1549,1,
s732,s1891,15,
s2111,s536,18,
s2121,s537,15,
s2935,s1779,8,
s1389,s1722,2,
s256,s2377,16,
s2840,s951,8,
s264,s2941,13,
s2303,s737,13,
s1054,s2930,7,
s552,s2583,17,
s1499,s711,4,
s639,s2021,4,
s873,s2299,0,
s2138,s88,20,
s1548,s2684,1,
s1724,s1633,15,
s861,s2192,11,
s947,s1458,11,
s1395,s2823,0,
s2445,s1195,11,
s983,s391,12,
s2038,s1340,18,
s527,s2274,0,
s1713,s1780,16,
s2226,s2151,15,
s1380,s265,8,
s2261,s1362,7,
s1027,s1637,12,
s2632,s1176,1,
s2528,s123,16,
s2104,s2645,12,
s1473,s2205,17,
s2188,s2907,0,
s2756,s1143,3,
s1907,s1106,7,
s817,s568,7,
s196,s549,11,
s2834,s111,18,
s930,s228,11,
s208,s595,7,
s396,s844,14,
s8,s2014,15,
s176,s1554,16,
s879,s906,10,
s1437,s2909,12,
s675,s750,13,
s2482,s2101,1,
s2147,s299,8,
s1315,s1289,3,
s806,s2325,13,
s2264,s2911,1,
s2481,s2660,10,
s805,s1107,15,
s2599,s1718,8,
s516,s2717,7,
s1716,s2271,19,
s2775,s2568,6,
s2143,s2643,18,
s1620,s1745,8,
s732,s2175,15,
s147,s1914,4,
s468,s495,8,
s1331,s2407,8,
s619,s2451,20,
s719,s1274,0,
s1493,s2634,19,
s1268,s2610,12,
s310,s2320,19,
s1663,s2417,4,
s1010,s470,17,
s1982,s906,6,
s2453,s1707,2,
s1858,s730,1,
s2221,s2134,0,
s2092,s965,17,
s1384,s1516,20,
s1826,s2510,15,
s1953,s189,4,
s292,s2623,9,
s519,s231,4,
s2748,s333,1,
s1749,s2372,13,
s1264,s1886,12,
s2789,s2245,4,
s1800,s1381,13,
s637,s964,16,
s402,s2951,20,
s2458,s1016,5,
s2866,s1457,15,
s1037,s612,12,
s1097,s1727,15,
s515,s59,16,
s1878,s2217,0,
s1651,s636,12,
s1384,s695,16,
s2447,s641,15,
s2346,s745,18,
s1281,s247,14,
s2998,s1656,13,
s72,s1780,6,
s2812,s2768,20,
s1004,s2031,7,
s1625,s2750,9,
s555,s135,11,
s2524,s2735,1,
s1980,s2770,17,
s2052,s204,10,
s1685,s2270,1,
s2749,s2442,17,
s512,s1099,4,
s984,s1180,10,
s459,s1001,2,
s388,s2367,6,
s1693,s1562,20,
s431,s1969,8,
s1861,s1329,12,
s2459,s73,19,
s2139,s92,15,
s348,s2099,2,
s1471,s1161,8,
s455,s313,14,
s36,s2295,1,
s1159,s1575,11,
s2252,s1870,8,
s132,s1777,11,
s562,s1069,16,
s821,s1056,19,
s2161,s2186,20,
s2898,s1941,4,
s1923,s1298,20,
s1925,s1694,8,
s1139,s2083,20,
s1680,s2112,2,
s1772,s544,1,
s2542,s1562,17,
s46,s1393,7,
s2438,s687,20,
s976,s15,11,
s2660,s2803,5,
s106,s1684,11,
s1433,s1525,0,
s76,s2818,8,
s1393,s1353,3,
s146,s477,18,
s2455,s1675,7,
s113,s2788,20,
s721,s267,6,
s1059,s1204,4,
s1682,s155,17,
s1844,s265,3,
s1575,s1830,16,
s551,s623,1,
s2089,s657,4,
s1774,s904,20,
s732,s60,4,
s1965,s155,14,
s2881,s1798,11,
s2083,s2734,10,
s2446,s2199,1,
s2245,s2315,8,
s1467,s2361,18,
s2857,s182,8,
s2837,s2482,20,
s2756,s262,0,
s254,s131,16,
s543,s1316,4,
s2257,s1275,7,
s426,s2590,6,
s773,s1439,16,
s2455,s440,13,
s1600,s2046,15,
s604,s2291,15,
s2787,s1923,9,
s1697,s1919,15,
s2940,s1153,19,
s2122,s1502,18,
s402,s2654,20,
s2894,s2317,16,
s2298,s911,5,
s2846,s2706,12,
s1538,s599,13,
s1935,s2695,1,
s205,s580,3,
s2782,s1726,12,
s2894,s1703,3,
s71,s564,20,
s2482,s1772,8,
s1903,s2070,10,
s803,s620,10,
s2235,s1843,0,
s1325,s2336,17,
s495,s2680,6,
s49,s1658,17,
s1205,s103,16,
s185,s1327,8,
s1751,s2667,7,
s67,s1663,10,
s191,s223,0,
s854,s1772,15,
s931,s2881,6,
s1755,s1842,15,
s907,s1322,0,
s411,s306,16,
s1110,s1310,15,
s1222,s2440,0,
s2292,s1927,20,
s700,s305,6,
s2277,s2561,12,
s1799,s1916,5,
s840,s562,4,
s133,s75,13,
s2455,s1896,15,
s2703,s353,5,
s1877,s1594,2,
s172,s1392,19,
s3000,s377,5,
s217,s1430,14,
s2828,s1375,11,
s1381,s442,10,
s2992,s380,15,
s179,s175,0,
s575,s2608,11,
s992,s1239,10,
s1979,s924,19,
s2584,s2355,5,
s643,s674,18,
s670,s2953,10,
s471,s2813,8,
s2187,s1342,6,
s1994,s2845,2,
s122,s955,13,
s348,s792,11,
s2829,s2772,17,
s2472,s2360,3,
s1034,s90,18,
s1500,s2993,4,
s1063,s1312,19,
s2672,s604,10,
s2677,s2845,13,
s553,s1378,19,
s1659,s871,12,
s546,s2302,5,
s183,s1410,10,
s1972,s2977,11,
s2964,s1541,0,
s1979,s1750,9,
s1023,s1455,0,
s2392,s830,6,
s1262,s1267,14,
s473,s508,20,
s323,s243,4,
s387,s2583,2,
s959,s2066,3,
s1178,s1793,15,
s1154,s2983,11,
s197,s2261,2,
s684,s1416,10,
s2824,s467,1,
s2064,s580,2,
s2424,s200,9,
s1025,s1422,18,
s2099,s1442,17,
s815,s1697,4,
s947,s965,11,
s1760,s1954,5,
s1755,s719,14,
s33,s2241,7,
s2403,s960,5,
s378,s542,3,
s1617,s2788,17,
s563,s1272,20,
s1232,s2261,7,
s2290,s422,16,
s697,s1934,5,
s1580,s2073,11,
s1097,s1674,17,
s1814,s2863,17,
s2974,s2142,14,
s1603,s1621,3,
s1356,s2919,14,
s1385,s2729,3,
s2970,s543,19,
s358,s2857,9,
s149,s1350,11,
s603,s1243,5,
s2216,s2266,0,
s704,s2996,7,
s2817,s485,9,
s2170,s1614,8,
s1144,s2341,5,
s2563,s916,11,
s2534,s2560,19,
s2841,s481,13,
s726,s2226,20,
s180,s2349,8,
s98,s2133,6,
s78,s720,18,
s2032,s2010,2,
s52,s1781,9,
s519,s1096,17,
s338,s2976,15,
s2795,s2489,19,
s2827,s2263,12,
s1423,s734,5,
s880,s1770,3,
s2721,s2821,14,
s1863,s1226,0,
s64,s309,13,
s1232,s162,13,
s784,s2256,9,
s355,s69,7,
s2022,s945,7,
s2765,s2365,15,
s1378,s2966,4,
s2996,s1634,13,
s1977,s778,16,
s2210,s2476,15,
s949,s1191,0,
s1533,s1036,14,
s2442,s2353,15,
s1996,s857,13,
s1015,s1061,0,
s2026,s590,7,
s1990,s1842,11,
s472,s2620,13,
s1848,s2896,6,
s810,s1825,20,
s2959,s164,16,
s1124,s1216,2,
s1059,s670,1,
s247,s266,19,
s18,s2252,1,
s2707,s1560,14,
s1370,s2377,8,
s1287,s2694,14,
s2658,s2616,17,
s1786,s1881,19,
s757,s2264,20,
s2654,s2427,6,
s2392,s2176,9,
s2671,s2604,4,
s791,s895,13,
s1075,s1380,3,
s1396,s735,9,
s2888,s714,6,
s790,s2882,19,
s527,s808,2,
s411,s729,0,
s441,s547,10,
s1605,s2108,1,
s1181,s392,17,
s1126,s917,12,
s1639,s611,16,
s2944,s2982,20,
s1803,s1212,10,
s1116,s329,20,
s1698,s2475,20,
s371,s1938,3,
s15,s74,20,
s2900,s917,2,
s727,s73,18,
s511,s815,3,
s2189,s602,9,
s683,s2160,11,
s1450,s2108,5,
s1458,s751,12,
s2654,s872,16,
s2917,s1336,11,
s786,s175,4,
s154,s2795,13,
s939,s1598,15,
s2938,s1070,15,
s230,s1663,5,
s1518,s47,11,
s1879,s1286,5,
s2624,s1591,12,
s1677,s756,15,
s1297,s2977,9,
s651,s2105,3,
s2392,s2221,4,
s828,s178,3,
s1789,s1469,10,
s404,s399,1,
s1615,s1756,13,
s1224,s418,8,
s2064,s861,17,
s2440,s52,8,
s2187,s1314,7,
s2538,s2010,18,
s381,s180,20,
s1294,s2899,20,
s814,s886,11,
s529,s580,20,
s1305,s2936,18,
s1619,s738,4,
s1243,s2097,18,
s227,s1894,20,
s920,s22,13,
s2561,s618,8,
s1716,s634,1,
s1637,s2158,4,
s108,s2513,13,
s1283,s2961,11,
s148,s412,12,
s34,s2505,5,
s466,s1788,12,
s916,s2870,15,
s1359,s1171,18,
s1552,s2544,16,
s1801,s95,16,
s2782,s3000,20,
s987,s549,3,
s1173,s1086,7,
s2423,s2599,2,
s1687,s2331,11,
s122,s2412,4,
s2697,s2834,15,
s2706,s1901,4,
s1574,s1689,18,
s863,s679,20,
s1132,s316,6,
s1120,s1464,3,
s2763,s1321,14,
s834,s1457,15,
s1256,s2799,11,
s860,s2333,13,
s445,s1399,2,
s1872,s754,0,
s1249,s1051,20,
s1351,s156,17,
s1278,s1479,5,
s1491,s2722,8,
s2464,s2709,9,
s2886,s1158,9,
s58,s1127,1,
s146,s2829,2,
s150,s564,3,
s237,s2106,1,
s645,s2465,5,
s661,s2504,14,
s1453,s913,12,
s2847,s2520,13,
s2106,s474,3,
s1833,s162,15,
s1051,s2667,19,
s1169,s756,15,
s2040,s313,20,
s700,s527,1,
s1455,s2886,10,
s1243,s1219,11,
s112,s871,12,
s973,s1798,10,
s310,s1063,17,
s1866,s1179,0,
s1363,s2776,2,
s1498,s1035,10,
s270,s1238,19,
s765,s2795,5,
s1055,s1748,20,
s1229,s271,10,
s1488,s1391,2,
s2170,s2316,12,
s1432,s869,18,
s173,s907,6,
s2813,s2469,18,
s1661,s2687,2,
s1003,s2444,11,
s1415,s1621,15,
s2007,s1997,15,
s1180,s190,17,
s2214,s1698,6,
s102,s346,18,
s1416,s732,7,
s2498,s2958,20,
s220,s1833,14,
s1333,s2978,12,
s2512,s1853,9,
s1078,s553,14,
s2678,s1509,19,
s431,s2138,20,
s2423,s1722,20,
s1623,s1490,16,
s1540,s1002,14,
s1856,s450,20,
s625,s190,17,
s286,s545,10,
s2064,s1387,0,
s747,s303,10,
s129,s1747,11,
s848,s1238,12,
s1820,s101,12,
s951,s772,5,
s134,s598,9,
s1039,s1897,15,
s1883,s2094,8,
s1064,s2083,20,
s1538,s2660,4,
s2701,s416,1,
s699,s341,7,
s2391,s1800,11,
s1945,s464,11,
s844,s2154,12,
s2108,s1758,7,
s894,s1605,15,
s414,s468,6,
s1092,s1800,17,
s2928,s1154,18,
s628,s2048,19,
s1472,s2312,3,
s2370,s2026,2,
s2210,s610,18,
s472,s80,8,
s1819,s1419,2,
s2001,s959,11,
s276,s1887,16,
s412,s2240,6,
s1851,s2196,5,
s185,s1334,12,
s1569,s1119,0,
s2376,s1939,10,
s2020,s2237,12,
s1369,s2961,8,
s674,s1806,4,
s2401,s2654,9,
s1748,s1220,7,
s2538,s2697,15,
s2028,s774,0,
s2414,s1436,13,
s521,s1062,2,
s2337,s1020,20,
s2366,s1196,4,
s1823,s1363,1,
s2431,s1817,20,
s1296,s883,14,
s2721,s2641,9,
s1625,s2524,16,
s1577,s2461,3,
s2930,s368,6,
s1498,s2850,15,
s1672,s352,3,
s312,s1112,6,
s1505,s2100,15,
s370,s2133,16,
s1667,s1079,20,
s2737,s1572,6,
s2942,s2557,13,
s2693,s2808,10,
s2062,s1035,15,
s584,s86,12,
s2477,s606,6,
s1703,s2720,19,
s303,s169,16,
s306,s1597,0,
s435,s89,1,
s763,s1635,14,
s1512,s2136,11,
s681,s196,3,
s2469,s1055,15,
s2598,s2226,20,
s2197,s1675,19,
s2064,s2941,0,
s590,s2864,13,
s632,s2287,7,
s506,s913,3,
s2005,s548,17,
s500,s1493,5,
s139,s1023,6,
s2779,s1876,19,
s1854,s1404,0,
s2503,s522,8,
s197,s2724,4,
s88,s367,13,
s924,s1377,12,
s1264,s2649,1,
s961,s1250,17,
s955,s1249,6,
s2755,s2274,4,
s2954,s2161,4,
s2595,s2051,3,
s1761,s1015,2,
s2835,s497,5,
s2384,s2565,17,
s1016,s2249,14,
s2419,s782,0,
s2905,s1729,1,
s1299,s217,5,
s2827,s2288,15,
s2183,s918,5,
s174,s244,8,
s21,s2079,3,
s1189,s1158,14,
s1119,s1067,11,
s801,s1216,14,
s1159,s479,13,
s1685,s1721,3,
s2492,s150,11,
s480,s1845,5,
s204,s2428,18,
s2614,s2651,6,
s1695,s209,2,
s2641,s1468,20,
s1344,s3,10,
s2230,s1172,2,
s1949,s232,3,
s439,s2758,0,
s585,s438,4,
s979,s612,20,
s766,s915,4,
s15,s592,20,
s945,s1847,1,
s2409,s627,7,
s1818,s1688,2,
s1673,s295,10,
s388,s1672,19,
s1439,s2807,5,
s1719,s2926,15,
s1596,s741,9,
s1300,s1486,10,
s176,s1762,0,
s2178,s285,17,
s546,s2311,2,
s2663,s549,11,
s2637,s1518,10,
s1401,s938,18,
s1410,s312,8,
s1130,s2318,9,
s1872,s1742,1,
s42,s486,2,
s684,s2815,5,
s700,s1365,10,
s2948,s882,9,
s1779,s1919,12,
s2198,s866,0,
s777,s1542,10,
s657,s1742,2,
s982,s2863,11,
s2869,s253,3,
s10,s2176,9,
s317,s344,5,
s143,s1561,0,
s2032,s2602,12,
s310,s1026,14,
s1380,s1924,16,
s1876,s2163,2,
s1269,s605,7,
s695,s1057,17,
s1240,s1494,5,
s617,s765,14,
s1502,s411,9,
s2859,s1971,0,
s1860,s68,19,
s230,s1184,10,
s1078,s1888,20,
s486,s2901,1,
s123,s1653,15,
s2039,s850,17,
s2789,s451,3,
s1800,s712,17,
s1855,s2730,19,
s199,s1582,10,
s1644,s1856,15,
s2929,s1562,20,
s1163,s2735,16,
s2441,s2505,14,
s1097,s129,5,
s230,s1664,18,
s2714,s1246,14,
s2820,s2904,7,
s2555,s2480,5,
s1526,s625,6,
s2929,s1097,20,
s449,s446,4,
s1969,s1925,6,
s2293,s2542,15,
s880,s2322,6,
s2756,s330,5,
s2108,s543,11,
s2636,s69,16,
s1471,s1217,20,
s875,s1814,10,
s1933,s946,19,
s1172,s1557,2,
s1805,s2874,10,
s1231,s1291,15,
s265,s1157,19,
s694,s2595,14,
s770,s32,0,
s1661,s1784,12,
s440,s1981,11,
s2360,s458,15,
s2852,s2921,9,
s368,s121,8,
s668,s1410,13,
s2565,s2264,3,
s2966,s1168,14,
s2239,s1413,14,
s583,s1637,19,
s210,s2421,20,
s5,s1249,16,
s325,s1088,5,
s1877,s957,5,
s721,s359,13,
s2941,s36,1,
s1626,s1768,20,
s544,s2756,6,
s2036,s704,1,
s369,s2082,10,
s1180,s2476,8,
s658,s2785,14,
s2871,s2656,18,
s297,s1973,17,
s1731,s2302,16,
s36,s2059,16,
s138,s2311,14,
s1892,s368,4,
s2039,s346,11,
s2005,s1336,0,
s1723,s99,11,
s270,s514,17,
s503,s2647,13,
s1022,s649,7,
s2852,s1199,3,
s1035,s304,2,
s1272,s2987,0,
s90,s947,1,
s2750,s2787,9,
s2490,s142,10,
s207,s2517,20,
s1242,s2867,16,
s2729,s352,5,
s2261,s681,5,
s1428,s1562,0,
s1998,s1886,6,
s343,s2452,0,
s1213,s1293,13,
s668,s2889,14,
s847,s51,14,
s2485,s500,17,
s235,s2086,5,
s107,s1682,4,
s2626,s2015,14,
s2189,s1583,1,
s2041,s550,9,
s2635,s1801,4,
s2095,s1228,1,
s2346,s1694,2,
s1304,s1298,12,
s2380,s2290,7,
s1094,s998,17,
s2617,s73,19,
s1468,s1649,19,
s2753,s2133,13,
s2162,s651,9,
s1985,s2788,6,
s722,s2161,5,
s2436,s1201,20,
s1919,s789,13,
s2743,s1232,12,
s482,s1456,14,
s1222,s677,10,
s1479,s126,18,
s2097,s1198,10,
s919,s2244,20,
s2918,s90,11,
s891,s1888,4,
s2572,s710,7,
s2252,s1536,16,
s1140,s654,19,
s1156,s1911,1,
s2404,s2173,15,
s761,s380,17,
s2546,s1258,2,
s2312,s1277,5,
s320,s1484,16,
s2652,s1127,6,
s2536,s2067,6,
s1898,s569,9,
s2048,s2085,13,
s460,s220,12,
s2002,s1854,17,
s785,s163,16,
s2148,s1817,3,
s2262,s350,3,
s1071,s964,3,
s1226,s1136,7,
s362,s2908,19,
s1003,s2034,20,
s471,s2734,3,
s2226,s2165,14,
s1684,s2657,1,
s1298,s768,19,
s1024,s1291,3,
s2483,s2771,6,
s2268,s370,20,
s2799,s2061,13,
s1222,s2333,16,
s911,s2247,20,
s829,s1759,6,
s2422,s1824,13,
s191,s122,3,
s2842,s820,4,
s2079,s39,1,
s2145,s1391,5,
s864,s2183,16,
s785,s262,17,
s1726,s109,18,
s1532,s2709,16,
s430,s1375,1,
s2376,s2229,12,
s2488,s273,4,
s2803,s2219,9,
s867,s2714,13,
s1522,s2243,17,
s913,s1159,4,
s2954,s424,5,
s2588,s2433,20,
s1441,s835,3,
s837,s1804,5,
s2939,s510,2,
s53,s2606,8,
s756,s815,8,
s169,s2644,2,
s1406,s979,16,
s1561,s1017,9,
s1512,s909,16,
s1991,s472,7,
s2769,s2120,12,
s2961,s1958,2,
s1415,s1503,10,
s756,s1453,8,
s2959,s2170,14,
s375,s1035,9,
s2677,s2436,7,
s2688,s832,8,
s2229,s595,2,
s2678,s645,16,
s1985,s376,4,
s562,s452,9,
s2495,s2916,14,
s1097,s1659,20,
s967,s2540,20,
s2165,s2781,6,
s2418,s961,12,
s430,s2098,12,
s2156,s418,7,
s43,s607,17,
s2132,s2113,20,
s214,s2032,15,
s1451,s2984,17,
s1763,s1032,1,
s1838,s1009,9,
s2651,s397,17,
s2540,s1703,20,
s2283,s2371,10,
s2394,s1108,10,
s1589,s453,6,
s684,s1825,3,
s2437,s46,2,
s2864,s841,14,
s2258,s281,4,
s942,s2748,13,
s151,s1898,18,
s2283,s329,12,
s393,s1867,8,
s2353,s2726,5,
s619,s1,10,
s2881,s1796,8,
s202,s769,4,
s523,s1157,18,
s2376,s503,17,
s2785,s1031,7,
s757,s729,3,
s2722,s1315,9,
s1563,s1046,12,
s909,s1860,16,
s1764,s2195,16,
s1987,s2620,10,
s2893,s1461,2,
s1239,s2326,0,
s2527,s1669,0,
s1468,s2188,4,
s1491,s2075,18,
s984,s879,4,
s532,s744,11,
s139,s1697,9,
s1500,s2268,3,
s139,s744,17,
s112,s217,3,
s1257,s297,19,
s1163,s1357,10,
s225,s1317,20,
s525,s1810,1,
s2073,s490,11,
s2657,s2796,3,
s2359,s1706,5,
s2689,s2095,20,
s1873,s1451,1,
s1582,s2073,1,
s1371,s510,15,
s1575,s1429,13,
s2651,s2539,5,
s1004,s808,10,
s516,s2579,3,
s2781,s2766,4,
s1013,s1437,17,
s2296,s2784,7,
s2168,s695,20,
s899,s2480,17,
s636,s1429,16,
s1533,s669,5,
s1038,s762,14,
s1740,s2571,1,
s2383,s1218,18,
s2287,s1465,2,
s564,s541,11,
s1988,s1602,15,
s1520,s57,4,
s1290,s2993,1,
s420,s307,15,
s1205,s2505,11,
s1589,s2996,6,
s797,s1252,13,
s1193,s862,19,
s2543,s670,2,
s91,s2700,1,
s294,s406,3,
s2814,s1897,13,
s850,s1403,3,
s627,s2121,13,
s2987,s2305,1,
s1341,s2782,9,
s2114,s2152,10,
s630,s220,9,
s474,s1653,4,
s782,s916,20,
s287,s2077,15,
s1172,s134,0,
s582,s2206,13,
s926,s638,9,
s951,s1733,0,
s2275,s2152,6,
s2023,s1587,4,
s1816,s658,20,
s2730,s704,12,
s2594,s1647,13,
s612,s583,8,
s640,s1757,20,
s432,s439,20,
s2229,s723,12,
s1048,s1936,8,
s106,s2216,20,
s90,s2595,6,
s2122,s707,4,
s334,s2268,5,
s1737,s170,3,
s1883,s280,17,
s2913,s1728,0,
s2626,s2467,12,
s645,s1178,5,
s2042,s2211,7,
s1570,s1372,15,
s1966,s944,10,
s660,s1270,1,
s1502,s907,10,
s912,s469,13,
s406,s1832,18,
s282,s2013,19,
s414,s828,20,
s1835,s179,14,
s2441,s429,0,
s1620,s1317,8,
s2747,s1975,16,
s915,s2355,5,
s1141,s2467,6,
s950,s2378,13,
s2299,s941,7,
s2952,s934,20,
s125,s2961,9,
s1366,s2973,8,
s1356,s2308,2,
s1246,s2690,0,
s1914,s1283,8,
s784,s2412,11,
s1642,s105,0,
s454,s644,14,
s1883,s300,10,
s2184,s2956,17,
s1758,s1676,16,
s1286,s2968,16,
s2298,s2049,4,
s86,s1336,8,
s660,s2978,9,
s850,s967,18,
s253,s1536,2,
s2572,s1436,9,
s2712,s1476,6,
s2724,s1746,13,
s1013,s1503,12,
s2028,s2595,16,
s2429,s1261,17,
s166,s1487,6,
s2351,s2840,0,
s502,s1409,7,
s1483,s1609,11,
s1297,s456,7,
s148,s458,4,
s750,s270,6,
s2700,s1465,0,
s445,s2532,12,
s2039,s1394,14,
s666,s2648,4,
s1626,s1732,5,
s672,s1260,13,
s684,s2776,19,
s498,s1315,11,
s1448,s32,7,
s2435,s1643,16,
s2128,s2222,4,
s1672,s2208,8,
s1563,s2679,8,
s439,s1882,11,
s1504,s2459,12,
s1775,s1615,14,
s243,s2757,10,
s1191,s2886,11,
s1506,s2485,18,
s2665,s2515,2,
s1107,s1230,1,
s2767,s695,10,
s1242,s2388,12,
s2945,s1,12,
s1465,s1205,10,
s2786,s2055,11,
s890,s1731,20,
s2656,s2916,5,
s180,s1263,2,
s2664,s1116,12,
s1049,s2258,12,
s603,s2889,5,
s441,s2727,16,
s2173,s1740,5,
s1262,s542,5,
s2938,s2122,16,
s1073,s179,5,
s1966,s2427,20,
s1306,s978,3,
s1156,s712,19,
s1249,s1428,8,
s239,s2787,9,
s1888,s286,6,
s2910,s2282,12,
s2774,s2587,18,
s1464,s768,10,
s2354,s2677,16,
s1907,s133,16,
s205,s240,13,
s2957,s1973,6,
s1801,s380,19,
s383,s2647,7,
s1683,s2421,15,
s2012,s1664,1,
s2225,s1301,13,
s1820,s1996,11,
s2727,s944,1,
s225,s2758,19,
s334,s467,0,
s669,s1444,13,
s1801,s1838,20,
s2069,s2596,12,
s1591,s1584,12,
s89,s559,6,
s2814,s2170,16,
s1404,s1506,4,
s1014,s411,16,
s1368,s2551,18,
s626,s349,15,
s1213,s317,14,
s2305,s2060,15,
s226,s1569,20,
s2977,s201,17,
s1037,s2056,8,
s2512,s1393,3,
s2318,s2006,12,
s852,s951,5,
s1444,s535,2,
s643,s2794,9,
s1559,s1460,18,
s2756,s2815,16,
s2384,s1729,0,
s2751,s1032,10,
s113,s2740,13,
s1973,s1781,17,
s1376,s2593,4,
s334,s261,4,
s2745,s1416,1,
s2033,s1369,19,
s2496,s321,10,
s2352,s1916,0,
s915,s2156,12,
s6,s1824,0,
s2395,s2234,11,
s2770,s2121,2,
s1949,s1470,11,
s487,s1527,7,
s574,s1347,7,
s2866,s2778,5,
s1641,s1371,8,
s2755,s47,8,
s865,s2884,8,
s2659,s2092,6,
s49,s1519,8,
s2237,s1618,12,
s64,s679,18,
s1843,s2514,12,
s516,s2169,4,
s1960,s1340,1,
s2263,s803,7,
s2279,s1384,18,
s1302,s2145,8,
s357,s2229,11,
s844,s1014,11,
s1360,s630,8,
s284,s2375,10,
s2716,s2739,4,
s2326,s486,10,
s1613,s744,20,
s1148,s1761,3,
s1892,s93,11,
s779,s1259,2,
s2884,s841,20,
s1260,s1616,19,
s624,s259,7,
s2671,s2795,12,
s1310,s1263,2,
s1474,s456,18,
s631,s922,15,
s1663,s2618,12,
s2382,s2513,5,
s2145,s467,15,
s2880,s2572,7,
s2693,s1421,12,
s2854,s557,17,
s1252,s1937,10,
s271,s2468,16,
s2006,s1043,5,
s2431,s182,14,
s2796,s2422,2,
s2567,s2664,19,
s214,s2368,4,
s66,s2634,8,
s2108,s2527,12,
s1716,s2800,12,
s1333,s2135,7,
s2696,s1970,7,
s2756,s258,0,
s269,s2946,4,
s67,s434,11,
s2338,s2529,5,
s1834,s1274,11,
s1148,s1953,13,
s2222,s1936,13,
s1830,s1431,0,
s1373,s612,9,
s1515,s3,19,
s692,s2171,13,
s647,s663,17,
s1700,s802,13,
s412,s2903,11,
s1164,s2780,14,
s240,s2372,19,
s1972,s2937,19,
s2299,s2696,20,
s2573,s1036,20,
s1621,s2139,5,
s728,s921,0,
s724,s1091,6,
s1226,s2905,1,
s70,s1721,9,
s1993,s1568,4,
s2172,s430,19,
s1933,s2650,11,
s1193,s2892,19,
s1773,s899,5,
s365,s2634,12,
s2415,s2904,11,
s2946,s1855,5,
s684,s1371,15,
s2187,s2127,2,
s1770,s987,16,
s2250,s1862,11,
s38,s1504,0,
s1269,s2950,3,
s566,s541,18,
s2681,s2785,8,
s1529,s2789,10,
s1929,s58,19,
s2287,s2822,1,
s1762,s2438,4,
s376,s303,16,
s360,s1169,20,
s2535,s731,0,
s1298,s1550,9,
s1774,s219,12,
s106,s992,0,
s2479,s765,18,
s2668,s2201,8,
s359,s435,8,
s2647,s1603,20,
s967,s2324,16,
s124,s654,10,
s1288,s2269,2,
s1843,s1490,8,
s839,s1597,4,
s2374,s2330,5,
s982,s1425,11,
s2620,s1287,12,
s1615,s1782,11,
s755,s153,19,
s794,s2197,18,
s714,s2364,6,
s2272,s179,18,
s2263,s2322,3,
s1365,s1166,16,
s2987,s1115,1,
s285,s397,16,
s1386,s188,2,
s2070,s333,15,
s432,s1814,11,
s2651,s704,19,
s2641,s230,20,
s1136,s2828,2,
s1705,s2342,17,
s789,s2254,14,
s745,s1908,14,
s2594,s28,5,
s1497,s615,6,
s652,s2532,0,
s2103,s253,0,
s1255,s92,10,
s2838,s1696,0,
s2883,s1432,14,
s942,s1153,13,
s2461,s424,1,
s1825,s2144,2,
s2849,s69,18,
s1055,s2184,15,
s314,s2292,6,
s229,s2605,12,
s2263,s1284,17,
s2774,s1925,0,
s304,s1868,9,
s2111,s287,2,
s1577,s336,15,
s2743,s121,7,
s329,s1249,18,
s153,s35,10,
s2688,s916,7,
s85,s2875,10,
s1934,s530,3,
s2020,s82,4,
s805,s988,4,
s1242,s2365,6,
s882,s2957,6,
s2289,s2072,19,
s1322,s2631,9,
s8,s650,9,
s2485,s728,20,
s827,s2793,10,
s2346,s2037,18,
s675,s2034,2,
s2900,s1544,4,
s2884,s741,17,
s2697,s634,18,
s1880,s2424,0,
s1075,s326,4,
s2785,s373,20,
s590,s197,7,
s2615,s1354,12,
s2821,s809,14,
s108,s231,18,
s684,s2422,12,
s2257,s599,11,
s1619,s2172,8,
s1517,s2580,14,
s1007,s1756,13,
s717,s479,17,
s432,s1789,5,
s301,s1361,7,
s2996,s2647,7,
s2669,s1403,9,
s2102,s183,9,
s1984,s243,4,
s1641,s384,2,
s1600,s429,19,
s290,s1949,12,
s2909,s1787,20,
s818,s1154,8,
s572,s322,10,
s2227,s1747,3,
s2253,s1898,8,
s1685,s28,14,
s226,s2828,9,
s2640,s227,5,
s836,s1895,20,
s1197,s1285,18,
s2758,s2844,14,
s416,s1601,12,
s2768,s2836,16,
s947,s1747,19,
s1874,s116,6,
s2083,s68,9,
s1061,s1544,4,
s834,s2521,18,
s1621,s2402,8,
s1430,s2233,13,
s2897,s2685,0,
s1281,s300,19,
s2301,s648,15,
s2541,s2462,12,
s434,s234,13,
s2835,s482,7,
s103,s2864,9,
s1394,s32,0,
s1032,s243,20,
s2922,s1190,5,
s2623,s1188,14,
s1114,s1553,0,
s2369,s2541,4,
s458,s2683,16,
s2321,s683,11,
s2831,s2954,11,
s281,s2335,6,
s2088,s2908,9,
s1858,s2991,1,
s1857,s1304,11,
s1724,s2730,20,
s2307,s1213,10,
s587,s1979,20,
s1646,s295,18,
s2561,s1777,13,
s755,s465,2,
s2068,s1066,8,
s1777,s624,12,
s2179,s2493,15,
s446,s656,7,
s841,s2731,2,
s471,s1816,20,
s1110,s2008,8,
s1633,s1380,7,
s12,s1368,19,
s45,s143,10,
s1155,s1082,11,
s34,s679,7,
s1974,s181,16,
s2821,s1801,11,
s2265,s1520,7,
s1452,s788,16,
s1683,s2868,10,
s872,s901,10,
s1361,s2080,19,
s436,s1679,13,
s1490,s471,3,
s1911,s23,2,
s1966,s1123,3,
s232,s1731,0,
s654,s1167,7,
s1706,s372,13,
s2430,s2106,12,
s2487,s2311,6,
s2436,s2401,10,
s2834,s1426,5,
s2176,s2977,18,
s2771,s1309,17,
s1065,s1472,14,
s1298,s450,11,
s1988,s681,18,
s50,s472,8,
s2615,s1645,13,
s32,s1428,10,
s1472,s2024,17,
s699,s1144,0,
s932,s2803,0,
s2834,s2469,15,
s1973,s1396,15,
s870,s2573,1,
s1864,s774,13,
s1541,s590,0,
s2886,s1902,15,
s2916,s2788,3,
s2409,s539,12,
s775,s724,10,
s177,s2729,7,
s1549,s2178,17,
s1980,s2050,12,
s181,s344,13,
s373,s2722,19,
s1864,s2987,17,
s2930,s2960,14,
s2711,s195,13,
s728,s1922,10,
s213,s23,9,
s1845,s393,17,
s496,s168,4,
s2042,s2087,3,
s1494,s2601,18,
s1645,s338,18,
s210,s1070,3,
s1914,s1354,7,
s2027,s1028,3,
s2420,s1485,2,
s246,s2920,1,
s2500,s1521,4,
s2509,s1900,19,
s531,s1725,14,
s834,s939,6,
s885,s662,18,
s2385,s1973,1,
s590,s952,16,
s2412,s2252,10,
s2884,s1543,20,
s1998,s1507,9,
s51,s1156,12,
s2932,s1475,13,
s1021,s2900,3,
s90,s111,12,
s2795,s369,4,
s2070,s2984,17,
s276,s776,9,
s2749,s2857,1,
s1066,s2350,6,
s2413,s128,2,
s1788,s56,15,
s1897,s439,14,
s2449,s104,13,
s1243,s1148,19,
s1306,s719,11,
s1321,s1770,15,
s485,s1101,3,
s1734,s2039,11,
s2098,s746,12,
s2182,s209,5,
s827,s374,6,
s1373,s2130,19,
s973,s2880,3,
s928,s2660,18,
s979,s1770,0,
s2585,s1502,18,
s2133,s186,20,
s1225,s2669,14,
s2463,s2207,3,
s103,s2053,6,
s150,s2145,11,
s1637,s637,8,
s2111,s1346,8,
s1210,s2598,2,
s2377,s1893,7,
s45,s1754,2,
s1490,s24,6,
s1758,s1307,19,
s415,s42,16,
s1283,s1074,12,
s2082,s1157,3,
s1271,s56,13,
s2255,s934,14,
s2015,s1814,1,
s2509,s1409,7,
s2768,s1427,19,
s1021,s2326,4,
s495,s260,2,
s500,s979,11,
s2593,s2834,7,
s1696,s1518,15,
s1525,s1682,18,
s513,s2437,8,
s1737,s1253,4,
s1296,s888,7,
s282,s2051,0,
s10,s2350,17,
s1201,s34,17,
s898,s2677,2,
s592,s1976,16,
s1277,s2350,1,
s2561,s1919,14,
s104,s143,7,
s638,s462,12,
s408,s1163,12,
s2661,s2928,8,
s1865,s2792,3,
s1315,s2575,16,
s582,s2698,4,
s544,s1709,7,
s625,s1363,7,
s69,s1648,3,
s911,s9,2,
s441,s1015,19,
s2333,s1240,0,
s787,s2269,5,
s1052,s281,15,
s2411,s2599,3,
s2158,s366,13,
s333,s723,8,
s2078,s1201,14,
s1143,s2971,20,
s1,s2370,19,
s1757,s1603,18,
s130,s253,20,
s597,s1430,2,
s1288,s2653,4,
s1903,s703,3,
s443,s1173,12,
s2336,s1706,0,
s328,s2554,6,
s2260,s2563,18,
s909,s1553,20,
s1680,s1829,13,
s2575,s1053,13,
s2396,s218,6,
s2074,s2090,2,
s1313,s2782,3,
s152,s2704,20,
s1697,s1859,12,
s2426,s1356,0,
s1369,s2539,15,
s1894,s871,19,
s2631,s2400,4,
s1428,s2302,7,
s1472,s1792,8,
s1250,s2964,19,
s825,s2818,12,
s923,s979,7,
s2936,s2277,16,
s2322,s2733,2,
s7,s203,12,
s1247,s2643,12,
s2084,s181,0,
s815,s1034,16,
s1195,s1281,13,
s1978,s2435,19,
s854,s2711,16,
s2938,s2884,20,
s18,s1866,3,
s1379,s475,9,
s1201,s2899,4,
s923,s1583,10,
s2520,s257,4,
s2898,s2821,6,
s214,s2979,2,
s718,s1864,2,
s291,s2181,15,
s2625,s1147,0,
s2818,s115,5,
s1004,s2634,8,
s1361,s2434,18,
s2820,s1809,1,
s2533,s2895,13,
s1467,s251,17,
s2086,s2406,17,
s1052,s1665,5,
s502,s1048,17,
s1866,s2812,6,
s2165,s1449,0,
s798,s2820,5,
s2483,s2882,15,
s1052,s2407,18,
s1600,s1024,15,
s2915,s2229,8,
s2229,s1285,10,
s350,s1281,14,
s505,s1879,2,
s668,s1330,7,
s632,s2774,10,
s2920,s2431,0,
s2168,s586,10,
s692,s2324,16,
s1497,s1649,10,
s374,s70,13,
s2479,s1495,6,
s1793,s2830,20,
s1952,s805,6,
s2546,s43,9,
s1833,s11,4,
s1377,s2249,15,
s1469,s189,5,
s1791,s1698,6,
s1161,s119,10,
s790,s741,11,
s160,s911,15,
s803,s690,10,
s1133,s1950,15,
s165,s1468,8,
s977,s1226,16,
s584,s2086,17,
s1323,s2996,18,
s1936,s2640,15,
s2911,s2625,7,
s304,s1310,12,
s20,s1430,4,
s2046,s324,19,
s2317,s1302,15,
s268,s1885,13,
s2725,s2137,11,
s1461,s1199,6,
s1103,s717,1,
s673,s2500,18,
s2660,s2865,3,
s916,s2172,6,
s1922,s2935,8,
s871,s2796,11,
s2191,s2624,10,
s1318,s679,1,
s2010,s1768,2,
s1310,s2354,1,
s2999,s2880,20,
s759,s538,5,
s2773,s1485,6,
s1846,s1083,3,
s1131,s278,0,
s1092,s2053,0,
s1158,s2318,5,
s2418,s2600,9,
s2473,s1339,19,
s866,s380,9,
s397,s1227,14,
s538,s1563,13,
s2495,s850,4,
s1775,s778,17,
s194,s454,18,
s2227,s512,3,
s128,s392,2,
s2669,s1658,19,
s2888,s2965,10,
s2996,s2832,13,
s490,s1076,18,
s184,s1686,1,
s895,s2426,1,
s1062,s1711,6,
s1555,s2140,11,
s1717,s424,8,
s2354,s2210,14,
s1633,s861,5,
s1179,s1145,12,
s1765,s1773,3,
s2336,s1590,4,
s974,s2066,1,
s284,s95,17,
s2077,s737,0,
s2991,s602,10,
s2701,s651,5,
s2877,s2204,1,
s2027,s2013,0,
s978,s327,4,
s877,s1210,14,
s2302,s1931,10,
s16,s1485,10,
s2804,s223,11,
s1778,s2738,16,
s2966,s2844,11,
s2604,s2814,9,
s1846,s485,17,
s2280,s920,7,
s2128,s2300,5,
s2355,s2197,11,
s91,s230,13,
s1138,s1086,0,
s955,s12,11,
s66,s482,9,
s2331,s1552,0,
s1781,s234,15,
s2632,s1287,3,
s861,s2010,0,
s2141,s470,8,
s1023,s1797,17,
s966,s396,17,
s2209,s779,9,
s1565,s2429,12,
s951,s1486,14,
s1802,s862,8,
s2145,s1594,14,
s2046,s1982,8,
s1096,s1572,16,
s1042,s1436,13,
s2959,s24,14,
s1874,s2321,5,
s1479,s794,19,
s2247,s17,20,
s1433,s1923,16,
s1092,s2938,19,
s1854,s582,2,
s1770,s64,9,
s1462,s1009,5,
s2239,s2690,4,
s483,s507,9,
s231,s2628,0,
s1995,s759,18,
s1361,s781,2,
s1569,s2365,0,
s526,s371,10,
s23,s2455,10,
s1960,s4,6,
s1282,s435,6,
s240,s1990,1,
s2615,s1687,0,
s413,s2510,10,
s654,s471,16,
s78,s2944,12,
s2727,s2086,1,
s902,s2440,6,
s276,s426,1,
s1821,s591,20,
s1694,s2353,13,
s2878,s1622,10,
s1763,s555,14,
s901,s2082,6,
s324,s2019,15,
s896,s2789,20,
s989,s262,7,
s17,s216,3,
s2451,s2915,15,
s2152,s1663,2,
s2520,s138,20,
s2864,s818,14,
s735,s1959,2,
s2419,s2778,12,
s1305,s956,12,
s1473,s2086,12,
s2235,s1877,7,
s630,s1773,18,
s2863,s399,16,
s269,s655,12,
s2930,s1730,2,
s1914,s872,1,
s432,s1877,3,
s534,s997,1,
s2159,s932,17,
s168,s135,1,
s1955,s1088,11,
s2854,s1646,14,
s770,s801,6,
s2551,s107,17,
s2346,s2810,10,
s586,s1887,10,
s1592,s2306,10,
s227,s1918,14,
s34,s1924,14,
s1380,s1203,11,
s2117,s1650,16,
s1448,s2568,1,
s466,s2138,11,
s1487,s1086,4,
s329,s1895,13,
s2253,s1907,10,
s2117,s467,13,
s1140,s1701,17,
s2980,s603,13,
s1204,s1791,9,
s606,s1671,7,
s1508,s2092,10,
s1367,s892,7,
s1998,s2443,6,
s2454,s625,18,
s1142,s1716,3,
s632,s1303,16,
s1852,s106,10,
s1419,s245,17,
s191,s1384,16,
s554,s1555,14,
s1825,s1029,1,
s672,s1332,4,
s2738,s892,0,
s2727,s713,8,
s676,s786,13,
s1500,s1747,8,
s444,s899,11,
s1331,s1913,9,
s1377,s1353,11,
s1169,s1874,10,
s2258,s2066,0,
s1743,s1399,13,
s1992,s2367,9,
s2027,s2600,9,
s2518,s1637,14,
s1246,s981,14,
s2798,s1849,8,
s1154,s301,7,
s2819,s725,4,
s880,s449,18,
s2927,s2327,20,
s1828,s1616,13,
s1193,s1731,1,
s2473,s2094,13,
s454,s1546,4,
s1787,s247,15,
s900,s2549,1,
s1709,s1537,14,
s1148,s1268,7,
s1264,s2870,13,
s2511,s3,11,
s1538,s1625,3,
s1092,s1803,7,
s2954,s775,16,
s1973,s2350,3,
s2474,s217,5,
s1280,s1122,3,
s350,s1800,9,
s328,s637,14,
s2596,s1226,4,
s349,s700,7,
s1396,s1882,11,
s98,s1764,20,
s877,s1961,14,
s18,s597,0,
s2763,s2462,20,
s1193,s1258,11,
s641,s1063,1,
s2959,s246,19,
s961,s2459,10,
s2759,s2758,6,
s1880,s2743,9,
s1216,s1229,17,
s1937,s347,6,
s2222,s39,10,
s2630,s409,19,
s1889,s440,18,
s610,s189,6,
s1875,s1742,0,
s1388,s621,10,
s540,s1860,13,
s746,s2636,10,
s1049,s346,3,
s1653,s1107,0,
s2606,s358,7,
s365,s1796,1,
s1181,s2343,3,
s686,s2670,10,
s2321,s749,4,
s2773,s1373,20,
s242,s2554,12,
s1173,s769,14,
s274,s1874,20,
s6,s641,10,
s2538,s1532,2,
s1045,s1882,18,
s515,s2558,10,
s2054,s2367,0,
s437,s1657,18,
s707,s2362,3,
s2156,s1550,14,
s23,s627,12,
s2670,s1566,8,
s480,s550,14,
s2875,s1365,20,
s1489,s2453,17,
s1191,s468,11,
s2115,s528,3,
s867,s678,10,
s375,s1311,13,
s1734,s916,4,
s1626,s1126,18,
s1145,s1853,7,
s2478,s1675,12,
s825,s184,17,
s1726,s99,3,
s1690,s1490,15,
s1773,s1049,12,
s2933,s1747,8,
s2792,s2820,18,
s609,s2985,5,
s940,s2590,13,
s2877,s1606,18,
s2116,s258,6,
s1573,s2472,13,
s2829,s496,15,
s941,s598,12,
s264,s2014,17,
s183,s390,5,
s2169,s56,1,
s1181,s1502,17,
s825,s1723,17,
s2002,s420,12,
s1912,s2479,18,
s1234,s1806,13,
s571,s908,18,
s995,s2419,10,
s1927,s1425,2,
s999,s926,6,
s2371,s118,17,
s2097,s2499,20,
s1366,s2512,7,
s2347,s1466,8,
s1571,s120,18,
s287,s1251,19,
s742,s2791,4,
s1044,s2683,1,
s1257,s1151,18,
s2188,s1442,0,
s2470,s1672,0,
s2673,s1398,6,
s868,s1734,13,
s613,s265,18,
s1904,s2456,9,
s165,s700,18,
s2244,s2057,14,
s32,s2218,4,
s2219,s534,4,
s599,s1439,16,
s2005,s2586,9,
s138,s1969,15,
s2663,s2019,15,
s726,s2789,12,
s280,s1308,19,
s91,s2638,10,
s2191,s2692,17,
s2912,s1396,6,
s1846,s1773,12,
s1406,s1764,0,
s2647,s124,16,
s2347,s457,1,
s522,s2193,4,
s1245,s833,10,
s467,s917,20,
s1797,s1173,9,
s2546,s569,0,
s2161,s106,13,
s1241,s549,11,
s2350,s1933,1,
s2002,s465,10,
s2601,s651,7,
s1868,s1942,12,
s2469,s2078,15,
s877,s1680,10,
s2920,s2401,0,
s1796,s934,19,
s1959,s1450,10,
s321,s2250,9,
s433,s131,8,
s486,s2230,4,
s2412,s339,13,
s262,s482,4,
s2831,s2163,8,
s1476,s2630,17,
s3,s2850,1,
s2658,s451,10,
s2318,s517,14,
s1394,s782,15,
s1997,s771,3,
s1117,s1268,14,
s278,s1346,20,
s470,s1304,1,
s23,s2976,12,
s2996,s2659,8,
s1518,s2653,14,
s1362,s2778,19,
s96,s1776,2,
s716,s1858,7,
s789,s79,11,
s2433,s1160,8,
s114,s259,1,
s2749,s999,5,
s459,s1264,15,
s778,s1838,9,
s2221,s764,15,
s672,s1799,2,
s952,s1941,18,
s1005,s180,19,
s2719,s11,16,
s319,s2858,12,
s1092,s1497,15,
s1720,s1211,1,
s464,s2580,4,
s1648,s1201,2,
s2883,s2849,6,
s2717,s1325,15,
s2625,s1441,9,
s2901,s1194,10,
s212,s248,15,
s2612,s1120,15,
s2116,s1104,9,
s1483,s2318,18,
s960,s1715,6,
s2471,s1755,1,
s2526,s2873,14,
s213,s1218,18,
s1757,s1626,14,
s671,s810,13,
s936,s2991,6,
s437,s2802,1,
s1261,s1229,1,
s1306,s2149,5,
s669,s2057,11,
s998,s1931,20,
s1009,s23,20,
s2622,s1934,14,
s1701,s1358,12,
s465,s1263,16,
s2335,s1753,0,
s317,s2527,18,
s2496,s2650,5,
s370,s1963,5,
s2059,s1085,9,
s822,s410,5,
s2726,s888,18,
s2438,s155,1,
s1115,s2118,10,
s2550,s1538,4,
s1483,s2469,6,
s212,s1935,14,
s2979,s1097,10,
s1288,s768,10,
s1992,s646,7,
s413,s1407,5,
s503,s2410,16,
s1687,s2369,19,
s20,s1198,4,
s1866,s849,11,
s1240,s2341,12,
s1869,s1067,6,
s2065,s2199,18,
s2416,s2115,12,
s1998,s1407,6,
s632,s463,6,
s1698,s236,19,
s650,s2435,3,
s2308,s154,6,
s2162,s960,2,
s1937,s1023,12,
s1283,s395,13,
s658,s9,14,
s2915,s2082,19,
s1743,s1037,6,
s567,s1802,1,
s2948,s1054,15,
s2172,s502,7,
s604,s2683,6,
s149,s1405,7,
s1912,s1357,2,
s2417,s403,18,
s1246,s1156,20,
s1195,s869,19,
s854,s948,17,
s1611,s792,0,
s415,s1393,10,
s135,s2369,6,
s2880,s83,9,
s1825,s1172,2,
s2902,s725,15,
s2557,s996,3,
s2121,s770,1,
s202,s1071,20,
s1127,s1755,13,
s1970,s2017,0,
s467,s755,12,
s240,s1122,12,
s1742,s1302,7,
s2076,s522,13,
s1049,s2389,17,
s1468,s1233,2,
s2597,s2996,19,
s971,s983,0,
s1165,s690,18,
s1216,s2433,20,
s487,s2382,10,
s2448,s2891,16,
s946,s334,8,
s902,s2925,20,
s1309,s1512,12,
s1017,s2547,1,
s1153,s1284,12,
s20,s2915,12,
s2998,s240,2,
s2983,s2719,4,
s1689,s1175,4,
s234,s2221,4,
s459,s454,13,
s2940,s2483,20,
s2600,s578,8,
s441,s1074,6,
s1527,s1592,17,
s2204,s1934,4,
s1927,s1077,20,
s1912,s2491,19,
s1774,s624,16,
s2494,s2425,6,
s2970,s2460,0,
s1054,s498,8,
s2804,s1403,7,
s1200,s1779,7,
s909,s2293,16,
s510,s221,2,
s1902,s2368,4,
s2341,s1569,19,
s363,s1247,11,
s2411,s2745,12,
s2741,s2714,16,
s2987,s1819,9,
s2625,s1586,20,
s872,s2513,2,
s2725,s1371,9,
s597,s2224,6,
s2272,s1215,8,
s2331,s2847,1,
s1126,s343,12,
s994,s1739,3,
s88,s428,10,
s295,s2186,2,
s458,s2329,3,
s2337,s1303,0,
s2953,s315,15,
s1884,s2494,6,
s2204,s172,16,
s1442,s189,2,
s451,s2777,3,
s341,s2594,16,
s2578,s2801,0,
s218,s2150,14,
s365,s2551,0,
s2516,s835,13,
s1129,s665,15,
s1834,s244,0,
s1204,s598,5,
s2637,s911,1,
s646,s2392,7,
s2628,s1962,5,
s2465,s676,4,
s709,s2884,6,
s36,s357,15,
s723,s300,5,
s1534,s2869,7,
s726,s495,6,
s568,s1073,11,
s327,s1681,3,
s130,s864,12,
s2953,s2609,0,
s946,s1355,3,
s1042,s2044,6,
s1600,s1360,9,
s2479,s2941,0,
s2743,s2484,0,
s2522,s489,9,
s2903,s1411,15,
s1589,s1541,2,
s2697,s1933,16,
s2219,s1300,10,
s1651,s2538,6,
s2763,s2426,12,
s175,s2299,16,
s2688,s45,11,
s1681,s486,8,
s2193,s2218,5,
s560,s2363,1,
s1390,s2512,7,
s264,s1668,7,
s869,s916,9,
s2050,s942,11,
s1117,s2225,17,
s1724,s1509,3,
s1340,s2536,4,
s1137,s2132,13,
s820,s267,19,
s1524,s356,0,
s1116,s1811,17,
s2811,s2741,5,
s1608,s1569,11,
s267,s2740,10,
s578,s1455,4,
s2335,s929,1,
s1010,s2589,7,
s2404,s2374,18,
s2558,s1824,3,
s1021,s2253,4,
s346,s2750,6,
s776,s1565,3,
s2257,s1833,9,
s1457,s1703,17,
s1379,s2655,4,
s2946,s1278,6,
s1207,s1357,10,
s1321,s1160,6,
s2668,s154,1,
s2610,s543,2,
s918,s554,11,
s2590,s1509,7,
s1128,s1227,6,
s639,s2210,7,
s1642,s1601,7,
s1606,s1321,5,
s52,s815,5,
s205,s1158,0,
s2043,s2585,19,
s1175,s2168,20,
s2795,s2981,6,
s919,s1523,19,
s2061,s137,6,
s512,s1004,4,
s399,s221,1,
s119,s2600,20,
s1899,s1261,10,
s2153,s2773,19,
s2637,s1116,2,
s1985,s1251,20,
s2304,s2048,14,
s1418,s1376,14,
s2310,s1586,17,
s822,s1276,2,
s675,s816,0,
s2849,s1398,3,
s2318,s1954,8,
s2804,s1711,5,
s2829,s2528,9,
s292,s1911,19,
s235,s2512,15,
s940,s1884,16,
s2553,s1472,15,
s1342,s1330,13,
s1965,s2568,8,
s2012,s581,8,
s1856,s2311,8,
s974,s1155,2,
s2900,s779,7,
s2747,s1179,9,
s1063,s1889,5,
s1019,s1800,17,
s2162,s692,19,
s1772,s2437,5,
s2959,s885,19,
s2380,s2665,9,
s2022,s2880,14,
s1921,s439,1,
s687,s1661,13,
s1155,s2267,14,
s2770,s2084,4,
s73,s2155,16,
s2553,s1433,15,
s1129,s160,19,
s1401,s2096,8,
s2886,s126,11,
s2367,s1365,9,
s2804,s2742,0,
s1465,s625,3,
s502,s441,6,
s1985,s1311,17,
s2436,s2161,11,
s393,s1307,9,
s2114,s1131,5,
s1806,s1582,5,
s2725,s1344,12,
s2407,s117,4,
s2131,s2520,18,
s371,s861,7,
s2007,s880,18,
s610,s118,8,
s1289,s241,5,
s51,s1982,12,
s1712,s655,2,
s1591,s758,11,
s253,s247,13,
s2244,s666,5,
s2459,s72,19,
s1889,s271,5,
s111,s1829,14,
s1147,s2349,20,
s2162,s239,10,
s2170,s1241,5,
s2930,s1161,0,
s1693,s1606,14,
s1462,s1529,8,
s2201,s2236,2,
s1116,s2958,2,
s2298,s2997,6,
s638,s395,6,
s1111,s1816,5,
s403,s2450,6,
s31,s2846,3,
s365,s2820,19,
s850,s2224,12,
s81,s1783,6,
s895,s1546,6,
s1038,s81,0,
s1628,s2549,16,
s977,s2832,5,
s1974,s2406,14,
s2227,s2844,15,
s1457,s783,15,
s626,s418,19,
s2412,s2563,13,
s91,s417,19,
s1196,s653,15,
s192,s1157,8,
s241,s1565,10,
s1121,s1078,16,
s1990,s2085,2,
s227,s1510,14,
s2250,s2496,2,
s361,s781,12,
s1930,s1167,10,
s656,s1466,7,
s1879,s2213,16,
s197,s968,19,
s888,s2307,9,
s900,s2441,3,
s2399,s907,8,
s1372,s1945,8,
s2195,s155,8,
s1527,s1524,15,
s523,s1416,0,
s1412,s2052,7,
s649,s1259,11,
s1381,s860,15,
s347,s967,14,
s1990,s2058,20,
s791,s1340,7,
s1121,s905,16,
s1279,s1757,13,
s2903,s172,1,
s1055,s2728,2,
s2307,s28,9,
s1261,s2453,20,
s2880,s2721,9,
s1527,s2663,10,
s2633,s2026,16,
s1483,s2338,9,
s1722,s1766,9,
s151,s1143,4,
s2258,s1790,17,
s2008,s1506,2,
s516,s2616,16,
s1023,s98,7,
s1485,s929,11,
s2693,s1288,9,
s849,s368,4,
s1514,s2961,7,
s905,s2401,3,
s2395,s1667,5,
s1138,s491,13,
s1203,s1918,16,
s823,s1443,14,
s624,s2842,0,
s2611,s20,6,
s2667,s2479,19,
s706,s2159,5,
s1507,s34,20,
s873,s47,15,
s1572,s2726,6,
s2327,s471,14,
s553,s2671,19,
s1648,s12,1,
s189,s2645,1,
s1536,s1194,15,
s1306,s1046,20,
s666,s1197,1,
s1043,s1542,18,
s1946,s1515,4,
s1340,s1660,20,
s1619,s53,7,
s1144,s2360,16,
s487,s1202,11,
s658,s2896,3,
s369,s1526,3,
s2979,s798,10,
s2007,s484,5,
s41,s1476,14,
s2328,s590,5,
s1828,s1257,11,
s1456,s596,14,
s2913,s2457,4,
s1219,s1983,19,
s2658,s1133,3,
s1485,s109,3,
s436,s768,18,
s2655,s2776,20,
s2923,s625,10,
s2163,s1594,17,
s309,s1526,9,
s2738,s1292,20,
s640,s727,6,
s1863,s1909,5,
s2015,s2640,19,
s72,s2486,8,
s1122,s715,18,
s1684,s1120,7,
s2272,s988,1,
s597,s2231,5,
s1692,s24,13,
s673,s1092,14,
s889,s2121,6,
s1198,s238,4,
s735,s1629,9,
s1784,s852,4,
s1724,s1685,7,
s1825,s82,13,
s2012,s2399,2,
s1473,s2173,19,
s1449,s524,20,
s2661,s2925,0,
s2122,s648,16,
s1309,s436,10,
s430,s194,6,
s236,s1775,18,
s1677,s1276,18,
s2687,s660,20,
s2177,s2854,2,
s2485,s1837,6,
s1094,s1580,13,
s846,s2883,0,
s165,s1199,10,
s1789,s973,17,
s213,s483,20,
s182,s327,6,
s1238,s1587,4,
s1437,s624,16,
s1768,s1429,16,
s2996,s763,7,
s538,s939,16,
s254,s2109,17,
s167,s1535,15,
s2857,s104,8,
s606,s2795,10,
s1808,s1077,1,
s918,s2674,0,
s2687,s2906,14,
s1936,s2085,20,
s2107,s2311,14,
s1021,s1713,2,
s1087,s2632,1,
s2295,s2086,4,
s2172,s1273,3,
s1112,s137,0,
s2596,s1559,15,
s1908,s1601,5,
s2777,s2016,18,
s1878,s2255,9,
s537,s892,14,
s829,s1864,14,
s2271,s2126,9,
s840,s2037,3,
s2325,s717,17,
s1470,s961,11,
s1535,s1726,12,
s809,s2246,7,
s1015,s707,3,
s2843,s2198,15,
s2185,s566,6,
s988,s2328,19,
s605,s2485,5,
s1748,s1557,6,
s2409,s1353,20,
s2774,s1817,2,
s2111,s660,4,
s958,s863,14,
s1222,s919,16,
s1289,s946,6,
s1345,s2239,13,
s740,s1237,10,
s2977,s2634,2,
s2339,s808,9,
s2222,s1978,8,
s2088,s1812,18,
s1505,s1575,15,
s2657,s185,17,
s1336,s1000,2,
s738,s1586,10,
s892,s1366,6,
s2651,s506,18,
s1317,s2779,6,
s2386,s881,20,
s970,s2311,14,
s2053,s2103,12,
s1933,s1148,5,
s876,s1777,8,
s340,s1595,18,
s2838,s1444,10,
s950,s707,18,
s408,s2907,7,
s2418,s115,2,
s2818,s1864,2,
s496,s2708,8,
s1859,s1584,17,
s793,s1200,14,
s231,s2049,9,
s229,s2700,17,
s351,s2624,19,
s2530,s1543,13,
s774,s721,12,
s2305,s1983,16,
s948,s407,1,
s279,s2952,11,
s1064,s2688,15,
s1961,s1431,6,
s1632,s1331,17,
s1912,s2138,5,
s514,s139,20,
s1823,s212,12,
s1321,s2281,15,
s620,s1893,12,
s71,s1154,11,
s1497,s987,10,
s925,s2142,1,
s747,s1989,17,
s200,s31,5,
s2673,s836,16,
s2467,s122,14,
s2735,s1744,14,
s2394,s49,1,
s960,s1484,17,
s2330,s527,3,
s2474,s795,5,
s2693,s288,14,
s1036,s1779,18,
s507,s431,8,
s219,s222,17,
s1717,s226,10,
s73,s2859,0,
s1020,s2796,12,
s634,s2586,2,
s1071,s2772,1,
s2525,s2486,6,
s739,s2017,5,
s562,s707,2,
s1265,s1605,8,
s796,s2571,3,
s339,s2815,12,
s741,s2799,10,
s2166,s596,3,
s1403,s2389,19,
s2655,s19,0,
s1955,s1897,18,
s581,s1281,19,
s1904,s2816,12,
s578,s1459,7,
s372,s1484,11,
s2830,s2776,5,
s1383,s2617,1,
s1480,s2816,14,
s2301,s416,16,
s816,s497,7,
s2816,s2041,6,
s2485,s1421,15,
s2583,s1899,4,
s1026,s1149,13,
s380,s6,12,
s1351,s2334,8,
s2594,s783,8,
s1500,s1402,4,
s1463,s1006,12,
s112,s2853,4,
s2456,s851,0,
s2112,s887,16,
s567,s2328,9,
s2053,s943,16,
s2653,s1400,1,
s163,s1883,20,
s2724,s2217,16,
s1269,s1779,15,
s484,s1457,11,
s2098,s455,16,
s1601,s640,4,
s2152,s2915,10,
s741,s614,9,
s2276,s1492,18,
s655,s1879,13,
s2317,s1668,11,
s203,s974,4,
s410,s2623,7,
s297,s1751,8,
s1799,s1295,20,
s1433,s137,17,
s2461,s840,2,
s106,s2015,17,
s1949,s1891,13,
s435,s2462,18,
s1420,s1922,18,
s1019,s1041,19,
s2739,s554,15,
s1346,s2759,2,
s584,s2468,1,
s2041,s512,14,
s537,s2416,3,
s1457,s502,3,
s1887,s1373,20,
s612,s642,6,
s2030,s291,12,
s1029,s2259,2,
s1193,s134,0,
s2603,s2886,3,
s2186,s2309,11,
s1025,s1796,17,
s2442,s145,3,
s1284,s2354,6,
s1687,s1221,1,
s1887,s1200,0,
s2173,s415,13,
s1024,s1380,18,
s2298,s796,15,
s722,s2649,14,
s2849,s863,4,
s444,s915,5,
s1051,s1132,16,
s1792,s2565,6,
s2771,s1042,6,
s2842,s2810,8,
s2173,s587,12,
s2420,s569,20,
s1648,s1843,19,
s1942,s1944,10,
s2867,s190,8,
s2449,s754,12,
s1869,s2156,2,
s2933,s2071,9,
s993,s569,1,
s874,s2368,19,
s2029,s411,11,
s136,s1078,12,
s492,s459,6,
s2670,s880,0,
s703,s578,12,
s1920,s1574,9,
s1934,s679,6,
s1745,s2197,19,
s2122,s2190,17,
s2058,s814,2,
s896,s750,16,
s1733,s1595,10,
s29,s1087,7,
s2665,s1379,0,
s717,s1720,14,
s1367,s537,0,
s887,s557,5,
s1219,s1688,6,
s1904,s2530,8,
s2341,s1593,0,
s552,s1692,10,
s205,s1813,0,
s1403,s2730,19,
s1021,s2711,5,
s2450,s1341,7,
s2033,s1191,6,
s2332,s46,19,
s1792,s2267,16,
s2280,s230,6,
s2942,s2725,16,
s1197,s1276,11,
s2198,s956,16,
s1377,s276,6,
s2919,s1898,0,
s2816,s2603,1,
s931,s2914,1,
s2809,s2756,4,
s156,s116,15,
s1660,s1110,0,
s1822,s1663,19,
s909,s1353,9,
s2573,s480,5,
s2752,s769,20,
s2578,s610,8,
s625,s446,18,
s2990,s2119,18,
s1930,s1652,12,
s156,s713,15,
s1111,s277,1,
s2956,s1490,1,
s2427,s254,2,
s1605,s450,10,
s374,s80,16,
s1342,s2613,7,
s1010,s2876,14,
s97,s1180,10,
s1149,s1556,10,
s1143,s1307,8,
s1050,s55,9,
s462,s1896,9,
s923,s1950,14,
s1785,s2558,16,
s1626,s2084,9,
s1440,s823,10,
s933,s173,9,
s724,s1649,18,
s216,s1445,20,
s2088,s191,1,
s659,s638,1,
s812,s1285,9,
s1938,s1694,7,
s1565,s2295,16,
s2143,s1070,0,
s1546,s292,7,
s2146,s2858,9,
s1642,s1603,13,
s2523,s2009,7,
s785,s2229,18,
s2676,s1188,15,
s1183,s77,19,
s1366,s2818,11,
s2617,s2141,0,
s815,s866,12,
s1331,s1634,12,
s1411,s2179,10,
s361,s294,13,
s2885,s2189,6,
s166,s1573,1,
s2910,s755,7,
s2350,s1199,4,
s160,s2860,20,
s2117,s2075,17,
s2292,s967,17,
s2104,s191,13,
s634,s1574,6,
s1638,s2876,12,
s2966,s697,4,
s2196,s2967,14,
s1703,s2207,9,
s2194,s2770,8,
s154,s1597,5,
s445,s700,4,
s2674,s2730,16,
s1066,s1240,20,
s2662,s2514,11,
s101,s2398,16,
s882,s1997,20,
s1778,s2776,19,
s481,s1949,3,
s648,s1153,14,
s513,s2004,16,
s1034,s266,0,
s2376,s2488,8,
s2375,s1445,20,
s2848,s1884,8,
s2556,s2678,2,
s586,s1801,5,
s155,s1971,1,
s1065,s1632,14,
s1559,s1566,16,
s233,s1951,14,
s232,s63,3,
s2890,s2497,17,
s625,s970,1,
s2662,s2959,12,
s2337,s2636,0,
s1986,s2446,16,
s2786,s2975,10,
s1240,s2333,0,
s427,s913,15,
s1450,s52,5,
s1773,s318,11,
s1592,s2069,6,
s459,s478,19,
s1754,s2367,1,
s2178,s22,12,
s2572,s537,14,
s817,s1667,0,
s2141,s1559,0,
s1390,s255,16,
s1158,s292,4,
s942,s2286,3,
s571,s2223,14,
s19,s2891,7,
s1592,s1996,15,
s1242,s2230,20,
s2235,s1831,1,
s2187,s218,15,
s1207,s191,3,
s2582,s689,10,
s1987,s1594,8,
s400,s2857,12,
s2906,s2763,6,
s1578,s1399,6,
s2924,s2346,12,
s2583,s1847,16,
s2237,s521,6,
s2656,s1369,0,
s2278,s1240,8,
s610,s2653,4,
s1894,s804,20,
s261,s1185,15,
s1196,s1824,20,
s2604,s2112,2,
s1723,s2851,7,
s1936,s1047,9,
s2284,s1,16,
s1095,s2110,18,
s1350,s950,18,
s1164,s101,0,
s647,s1179,16,
s89,s194,0,
s2702,s1940,5,
s392,s49,16,
s1952,s2858,19,
s2197,s933,12,
s131,s2114,12,
s654,s2821,2,
s1796,s1672,12,
s2989,s2002,0,
s2919,s1799,2,
s137,s2572,10,
s2621,s1783,0,
s1237,s2796,4,
s900,s2668,13,
s2280,s2483,13,
s860,s772,16,
s1418,s2303,18,
s325,s969,2,
s351,s2833,0,
s2361,s863,16,
s337,s889,9,
s2813,s995,0,
s1750,s1173,5,
s346,s2192,8,
s1572,s1965,13,
s1902,s1369,6,
s2562,s1811,12,
s2685,s1796,13,
s1390,s2267,20,
s191,s389,6,
s1816,s2914,10,
s306,s1293,20,
s336,s422,14,
s1414,s2207,2,
s2144,s1013,4,
s1498,s1681,17,
s2804,s2795,11,
s1637,s1685,5,
s870,s20,11,
s309,s441,1,
s974,s2209,7,
s2780,s718,18,
s2613,s95,13,
s1484,s2979,13,
s1657,s651,8,
s499,s2550,7,
s189,s1599,13,
s1979,s1090,6,
s2455,s214,20,
s1427,s2939,15,
s60,s1849,18,
s1665,s1641,20,
s675,s2768,4,
s1528,s1077,12,
s1697,s2119,20,
s2278,s1191,17,
s488,s55,11,
s821,s2589,11,
s60,s109,10,
s1753,s796,14,
s1596,s2274,8,
s1628,s403,12,
s2826,s2277,17,
s1965,s498,18,
s2926,s895,1,
s1984,s667,16,
s2948,s727,10,
s2430,s632,12,
s1019,s105,15,
s1657,s946,19,
s1440,s1601,2,
s612,s256,16,
s2953,s2653,6,
s964,s1721,0,
s2616,s2487,17,
s1044,s929,17,
s2914,s1024,7,
s2005,s2748,12,
s2278,s1304,9,
s1359,s2816,12,
s1322,s2648,9,
s1889,s299,16,
s2314,s2932,14,
s457,s1576,12,
s1259,s1781,20,
s2724,s2967,8,
s1115,s2997,16,
s15,s2657,15,
s2221,s1227,20,
s940,s1961,0,
s722,s785,3,
s2084,s2212,4,
s403,s2894,13,
s2881,s2292,19,
s29,s602,5,
s1513,s2517,10,
s2168,s2905,5,
s986,s2682,6,
s2375,s779,7,
s1376,s1194,17,
s648,s2956,7,
s2468,s20,13,
s2902,s2399,9,
s469,s2521,15,
s1202,s2752,17,
s2042,s1954,16,
s1309,s264,3,
s1017,s807,3,
s1011,s330,11,
s2852,s650,20,
s1239,s168,17,
s2347,s650,11,
s2022,s2801,1,
s1941,s509,7,
s750,s1111,9,
s1764,s1081,6,
s2711,s901,2,
s1517,s2877,8,
s2008,s2386,12,
s2782,s1282,16,
s1078,s2781,5,
s192,s234,17,
s1977,s2165,3,
s2882,s714,12,
s1656,s2619,9,
s1809,s3,15,
s1079,s2093,15,
s2764,s106,2,
s681,s2696,0,
s415,s2482,1,
s2454,s2909,9,
s20,s2548,0,
s1030,s167,8,
s58,s359,2,
s2132,s1170,15,
s1875,s806,17,
s526,s816,19,
s426,s711,6,
s1760,s2061,2,
s695,s2287,3,
s1320,s1826,5,
s548,s1077,3,
s556,s317,15,
s1020,s1093,20,
s887,s2245,17,
s1826,s1998,11,
s178,s766,11,
s2888,s863,6,
s1050,s411,11,
s2687,s250,1,
s2124,s2891,3,
s2066,s1743,18,
s456,s361,14,
s35,s1253,1,
s1763,s763,12,
s1903,s1128,3,
s1312,s2142,6,
s1025,s1245,2,
s50,s67,9,
s2201,s2805,5,
s1462,s1368,9,
s1539,s2278,4,
s1236,s824,8,
s1318,s1619,6,
s217,s231,4,
s1502,s489,16,
s2520,s279,7,
s490,s1285,7,
s2081,s967,19,
s48,s202,19,
s941,s659,14,
s2754,s2894,18,
s605,s2943,2,
s195,s264,7,
s1073,s2554,0,
s661,s1628,1,
s2066,s1736,15,
s20,s1872,13,
s2372,s1021,0,
s511,s1448,20,
s2776,s323,12,
s1741,s1090,8,
s34,s2194,3,
s2204,s2451,2,
s1078,s299,11,
s1435,s2613,8,
s2415,s280,16,
s2655,s146,16,
s1189,s419,15,
s1309,s245,20,
s99,s1358,2,
s2621,s331,15,
s514,s1412,20,
s2506,s921,19,
s773,s600,11,
s162,s2432,8,
s2141,s1167,14,
s557,s2987,7,
s316,s792,20,
s2319,s2593,8,
s766,s2435,17,
s1416,s1945,7,
s153,s541,4,
s2277,s2135,20,
s870,s402,4,
s1707,s1345,6,
s401,s1411,16,
s2274,s412,4,
s1723,s2205,1,
s1663,s2352,4,
s1415,s1343,6,
s406,s94,15,
s2549,s1866,17,
s876,s1730,16,
s479,s2189,10,
s1402,s1490,4,
s981,s278,6,
s2187,s2309,11,
s1806,s1751,13,
s1621,s502,8,
s989,s2108,1,
s1296,s1672,10,
s2454,s444,4,
s1115,s519,15,
s2986,s2426,7,
s256,s609,18,
s2845,s139,1,
s964,s210,1,
s2174,s1875,1,
s587,s2004,14,
s2933,s1947,2,
s2701,s431,0,
s2561,s1206,3,
s1926,s151,1,
s2807,s241,3,
s2486,s1496,17,
s2615,s1689,2,
s2385,s1313,7,
s1458,s1308,5,
s2360,s119,13,
s421,s2202,13,
s2607,s762,7,
s2008,s1752,0,
s1201,s2238,15,
s1109,s2187,5,
s2823,s1230,20,
s39,s334,5,
s2191,s1417,16,
s2440,s808,10,
s871,s187,1,
s2494,s261,12,
s1743,s438,4,
s858,s1439,2,
s2007,s425,19,
s398,s1592,9,
s832,s1501,3,
s2281,s44,5,
s433,s585,6,
s745,s1259,10,
s391,s2987,6,
s1199,s2048,3,
s2411,s2486,10,
s1527,s243,18,
s1553,s1001,11,
s24,s1917,2,
s423,s191,2,
s1691,s736,6,
s863,s2051,19,
s1676,s855,11,
s2832,s2958,9,
s486,s1226,7,
s2186,s2947,15,
s2037,s1457,15,
s1681,s1554,3,
s394,s646,18,
s221,s500,4,
s1164,s666,18,
s2539,s33,8,
s1126,s1203,6,
s344,s2890,7,
s108,s196,8,
s2859,s1433,7,
s2474,s1294,14,
s2031,s1007,17,
s1114,s728,12,
s350,s1661,14,
s2945,s78,5,
s2895,s2786,19,
s1028,s1168,10,
s1418,s2557,14,
s1180,s2205,16,
s25,s2376,9,
s374,s2113,16,
s138,s2293,6,
s1654,s1036,17,
s2974,s2893,1,
s4,s812,18,
s718,s2311,6,
s2650,s937,20,
s1638,s1109,2,
s2009,s2833,9,
s1405,s1812,10,
s281,s2783,19,
s861,s1715,15,
s1502,s720,9,
s1272,s2709,13,
s2889,s467,2,
s203,s1915,1,
s630,s1796,15,
s372,s791,6,
s2248,s2847,7,
s1128,s1580,2,
s813,s1093,15,
s131,s1285,15,
s2334,s1293,9,
s1274,s309,1,
s2272,s1450,11,
s872,s1800,7,
s1905,s1546,0,
s2340,s2625,14,
s2263,s2704,5,
s1542,s800,3,
s1978,s916,20,
s1108,s2525,20,
s2342,s1259,5,
s2268,s1086,7,
s2917,s1170,15,
s808,s335,14,
s1956,s2415,0,
s135,s2465,0,
s2631,s2990,5,
s773,s2178,14,
s818,s274,13,
s1179,s2822,1,
s1481,s2185,19,
s2900,s236,20,
s557,s1545,17,
s2239,s629,19,
s145,s2348,12,
s690,s513,0,
s2655,s1076,16,
s349,s1446,9,
s2648,s1054,13,
s2548,s896,2,
s1606,s896,0,
s2908,s2314,12,
s1087,s31,0,
s989,s612,16,
s1527,s1025,19,
s2378,s1820,18,
s243,s968,10,
s396,s1286,3,
s2933,s9,10,
s537,s2512,4,
s2040,s2693,20,
s2038,s2086,14,
s1787,s1321,14,
s1836,s1388,12,
s506,s2457,2,
s460,s761,17,
s2161,s2498,19,
s1886,s2355,9,
s94,s956,3,
s665,s2789,15,
s1276,s1006,15,
s2448,s1105,2,
s1048,s627,0,
s1468,s2432,7,
s2797,s225,10,
s924,s2599,1,
s1439,s1004,9,
s1581,s2872,11,
s67,s311,19,
s2611,s2287,12,
s2459,s2133,7,
s1151,s1892,13,
s2491,s1306,4,
s1496,s2515,0,
s1519,s1016,9,
s1810,s303,15,
s493,s1506,7,
s1200,s1840,20,
s2178,s453,15,
s1522,s2797,20,
s1210,s679,16,
s2111,s736,1,
s1680,s1404,3,
s1073,s847,6,
s962,s1159,15,
s1311,s1836,2,
s1551,s2197,0,
s1069,s241,6,
s962,s1944,10,
s119,s2880,18,
s2308,s1199,18,
s2478,s1819,20,
s2529,s2370,6,
s2622,s2840,18,
s1659,s865,2,
s1536,s2317,14,
s2139,s1804,8,
s947,s32,14,
s2622,s2488,6,
s880,s2197,17,
s1830,s440,10,
s2130,s352,3,
s285,s1526,20,
s301,s2451,7,
s513,s501,13,
s1845,s2022,13,
s1044,s819,3,
s22,s131,6,
s2493,s2272,15,
s1629,s1862,1,
s164,s2356,18,
s1051,s2115,11,
s659,s798,7,
s1052,s2060,8,
s800,s1436,13,
s2842,s147,6,
s621,s2010,14,
s1697,s1842,1,
s2841,s1843,12,
s1944,s914,19,
s2552,s151,6,
s630,s2548,19,
s947,s1434,10,
s1352,s1609,8,
s1414,s298,17,
s1777,s2472,12,
s1454,s1247,11,
s2124,s1479,5,
s522,s1582,20,
s1510,s794,15,
s874,s548,7,
s1982,s2907,3,
s1812,s308,18,
s1686,s77,7,
s2706,s2199,0,
s2371,s2233,13,
s2636,s774,12,
s2958,s2870,13,
s1770,s685,17,
s989,s2036,6,
s1354,s391,12,
s1710,s922,18,
s1779,s832,11,
s2050,s1651,1,
s1548,s242,15,
s1276,s1424,3,
s516,s658,13,
s941,s1663,6,
s2697,s1397,0,
s2093,s385,14,
s1187,s2053,2,
s2000,s400,14,
s2778,s953,18,
s472,s1010,15,
s2121,s258,2,
s1251,s2760,4,
s2343,s496,16,
s2198,s52,7,
s869,s1850,14,
s1869,s608,4,
s1215,s283,19,
s2274,s107,11,
s639,s1955,8,
s2429,s2224,18,
s1913,s670,10,
s1146,s170,13,
s2453,s1131,6,
s916,s674,17,
s1111,s17,2,
s183,s2503,4,
s2900,s2114,0,
s259,s2342,18,
s2818,s1468,0,
s838,s1169,16,
s388,s1103,0,
s1955,s337,8,
s1384,s1439,13,
s588,s1456,12,
s2430,s1602,9,
s1398,s1031,3,
s1250,s2597,6,
s1592,s1093,9,
s1666,s1953,18,
s161,s2760,5,
s386,s220,0,
s1463,s2088,4,
s1754,s2218,19,
s2331,s967,1,
s2545,s675,7,
s1561,s129,0,
s2707,s1892,9,
s206,s1766,18,
s2581,s2079,0,
s1308,s1333,3,
s2658,s2330,17,
s1031,s1958,14,
s449,s2842,13,
s634,s2577,16,
s100,s1301,18,
s549,s219,1,
s807,s778,5,
s1492,s2205,18,
s1230,s1077,17,
s2035,s469,0,
s1440,s2323,0,
s2315,s2407,14,
s1955,s804,14,
s499,s585,17,
s1300,s425,0,
s734,s456,11,
s1668,s1823,19,
s345,s2599,10,
s172,s1197,16,
s501,s691,8,
s107,s2962,10,
s1656,s2125,3,
s1740,s2562,6,
s1841,s1625,14,
s1264,s71,13,
s891,s513,20,
s998,s108,5,
s1118,s2074,14,
s1069,s2739,12,
s1051,s2516,0,
s985,s1093,13,
s791,s46,17,
s958,s2285,18,
s2522,s1130,4,
s1008,s589,15,
s1540,s657,8,
s585,s1844,17,
s2201,s127,20,
s559,s1229,11,
s2394,s635,0,
s1156,s1859,19,
s563,s2892,3,
s352,s214,7,
s2223,s151,13,
s196,s996,15,
s1222,s2432,10,
s1531,s2116,5,
s2880,s1076,11,
s1897,s2430,4,
s1849,s442,4,
s635,s2562,14,
s1793,s1567,0,
s1040,s1645,8,
s384,s1291,17,
s2053,s640,19,
s1865,s2185,6,
s2329,s2693,17,
s1201,s1225,1,
s907,s1953,13,
s1336,s716,20,
s1631,s1290,18,
s985,s1151,9,
s511,s1763,5,
s2446,s2112,7,
s2983,s2471,12,
s336,s976,4,
s2267,s890,15,
s1114,s564,9,
s2257,s2201,14,
s2844,s2755,11,
s1948,s2829,8,
s1187,s1223,0,
s2074,s1824,2,
s1526,s624,9,
s982,s1620,16,
s1686,s2742,7,
s2074,s2369,10,
s1630,s1449,13,
s818,s2467,20,
s133,s2832,11,
s114,s379,20,
s2660,s2381,17,
s2052,s854,1,
s2880,s2580,16,
s13,s2836,1,
s182,s519,2,
s1200,s2659,1,
s83,s1284,12,
s640,s1711,2,
s2312,s1572,17,
s2165,s901,7,
s1964,s2410,13,
s1485,s1661,11,
s1820,s841,9,
s226,s1915,15,
s2247,s2929,2,
s1754,s133,1,
s342,s1355,0,
s2996,s1062,8,
s1504,s2790,5,
s2231,s1585,11,
s2435,s1761,17,
s1041,s2368,17,
s557,s1492,13,
s221,s1807,1,
s879,s2293,3,
s1222,s1774,9,
s1029,s1855,0,
s578,s2001,6,
s1833,s673,15,
s2364,s1908,17,
s1913,s2424,19,
s1362,s2993,12,
s2813,s852,13,
s1721,s1688,12,
s670,s47,19,
s2960,s1508,14,
s2453,s2404,2,
s1523,s213,2,
s1276,s110,14,
s2674,s738,1,
s635,s2374,7,
s1110,s1693,11,
s1718,s417,9,
s515,s144,20,
s1302,s2472,16,
s94,s523,20,
s622,s2267,18,
s810,s2323,18,
s2224,s201,8,
s2664,s2348,19,
s2140,s852,18,
s2025,s1145,8,
s777,s2199,13,
s155,s2808,1,
s1691,s1190,2,
s568,s845,14,
s1771,s687,7,
s2908,s474,20,
s2144,s183,7,
s2248,s358,15,
s227,s1242,6,
s70,s1009,16,
s1896,s480,1,
s1621,s1365,3,
s2391,s1427,16,
s1823,s1905,19,
s1950,s1387,13,
s387,s2546,1,
s1993,s1254,11,
s1911,s2499,10,
s1814,s427,8,
s2122,s250,1,
s2975,s1786,5,
s580,s2156,9,
s1337,s2605,2,
s556,s2215,16,
s1334,s1864,7,
s1360,s1709,4,
s2397,s916,4,
s1059,s1084,0,
s1162,s788,3,
s467,s1568,7,
s896,s489,20,
s2321,s2132,17,
s907,s656,18,
s637,s587,9,
s2201,s1337,0,
s2384,s1174,11,
s2303,s1065,3,
s1100,s476,12,
s2115,s273,20,
s744,s1446,4,
s2711,s1930,15,
s1675,s2023,12,
s2855,s756,9,
s2223,s755,14,
s1208,s301,0,
s1323,s1343,7,
s1349,s61,20,
s699,s1849,11,
s1591,s2129,2,
s2122,s2592,5,
s1167,s1855,11,
s500,s83,8,
s1857,s254,0,
s953,s47,8,
s1858,s2921,6,
s2573,s1711,11,
s2261,s563,7,
s2300,s2838,20,
s1546,s2230,3,
s2,s2021,16,
s112,s329,16,
s1250,s535,19,
s2448,s2538,16,
s2436,s2541,1,
s1340,s2209,18,
s2428,s883,12,
s1571,s385,17,
s143,s1453,6,
s2301,s1656,2,
s2970,s1558,10,
s161,s1314,2,
s1998,s2724,17,
s1849,s1916,1,
s2360,s2362,11,
s1497,s576,5,
s197,s1038,9,
s1930,s2504,9,
s863,s150,14,
s2566,s1280,0,
s2268,s941,3,
s762,s202,13,
s24,s2850,2,
s2297,s1262,6,
s828,s1152,17,
s1363,s436,1,
s787,s1993,7,
s1828,s2545,5,
s1674,s162,2,
s209,s1623,0,
s2205,s1803,6,
s2607,s1295,8,
s2633,s2,19,
s1621,s1572,19,
s1151,s1284,10,
s2930,s2611,7,
s1085,s178,16,
s1361,s2909,17,
s883,s1045,2,
s1589,s1058,6,
s643,s79,8,
s546,s1849,8,
s1138,s1190,1,
s1671,s1189,11,
s1053,s2349,2,
s2910,s2749,19,
s16,s646,3,
s2129,s560,10,
s2025,s451,7,
s2186,s1406,1,
s1760,s1953,14,
s646,s2137,19,
s1170,s1258,16,
s615,s724,4,
s2236,s1844,13,
s1322,s1012,16,
s2614,s1677,9,
s682,s2809,8,
s1740,s2774,17,
s2460,s2882,3,
s791,s1358,1,
s1022,s1815,5,
s1608,s1094,15,
s434,s1234,15,
s1654,s654,6,
s1063,s72,5,
s256,s2316,3,
s656,s2447,15,
s794,s1063,10,
s1188,s432,14,
s967,s1821,7,
s532,s177,17,
s2335,s311,8,
s2882,s2805,19,
s1320,s1264,17,
s2368,s2591,15,
s1474,s427,7,
s2553,s312,0,
s1384,s2287,5,
s1101,s649,16,
s450,s1974,9,
s1412,s1436,5,
s1747,s2236,12,
s817,s2731,12,
s1728,s2292,5,
s2257,s2147,7,
s891,s2657,4,
s2061,s973,7,
s2375,s576,14,
s642,s1536,15,
s850,s947,6,
s2190,s1976,10,
s2959,s2486,13,
s1942,s424,16,
s2104,s1428,16,
s1390,s2315,19,
s61,s2774,0,
s345,s1178,2,
s1319,s1298,4,
s2566,s2963,6,
s549,s1614,16,
s2468,s430,11,
s1172,s1912,14,
s867,s2584,14,
s48,s1491,6,
s129,s1723,18,
s536,s967,19,
s1513,s1123,0,
s49,s819,4,
s454,s1921,2,
s2804,s2345,8,
s232,s61,2,
s977,s826,2,
s28,s1037,10,
s2810,s1804,2,
s2610,s1195,15,
s2019,s1472,11,
s164,s779,6,
s2080,s1607,13,
s87,s1845,3,
s2514,s2931,7,
s1471,s1959,6,
s1391,s1915,3,
s1822,s2838,6,
s2152,s22,3,
s1911,s2364,6,
s1529,s448,20,
s1631,s541,11,
s760,s46,10,
s2742,s2278,12,
s1274,s890,5,
s2385,s842,13,
s1267,s1957,17,
s2930,s764,15,
s453,s919,7,
s653,s1820,4,
s1337,s1420,16,
s475,s1269,11,
s406,s2079,11,
s534,s1094,5,
s1525,s2194,1,
s466,s780,7,
s2423,s2328,18,
s2319,s665,3,
s324,s2492,15,
s2950,s647,9,
s2195,s1212,18,
s2903,s2420,2,
s2127,s2488,12,
s2613,s1481,7,
s2943,s2896,6,
s2074,s1433,11,
s1924,s2299,14,
s1844,s2872,2,
s329,s347,16,
s487,s2441,7,
s1764,s1906,14,
s1301,s1345,14,
s2145,s1632,2,
s1898,s1054,5,
s797,s2969,18,
s1748,s2632,9,
s387,s569,0,
s733,s712,12,
s1632,s2870,0,
s1804,s365,0,
s838,s977,5,
s928,s2193,12,
s110,s1785,3,
s75,s496,17,
s2062,s925,0,
s1747,s1131,15,
s2164,s571,1,
s2008,s270,5,
s2373,s1096,12,
s1220,s2818,18,
s790,s2096,5,
s2542,s1804,16,
s272,s1585,18,
s1457,s91,10,
s2880,s1010,1,
s1904,s488,18,
s1222,s826,16,
s708,s107,6,
s1999,s2315,16,
s2047,s1496,4,
s171,s1038,3,
s2374,s900,2,
s951,s999,7,
s1859,s2890,2,
s761,s2327,18,
s1977,s1481,12,
s247,s1396,3,
s797,s2132,14,
s2792,s34,3,
s2070,s2107,11,
s2152,s511,13,
s438,s1869,2,
s404,s9,15,
s2079,s3,1,
s2107,s196,11,
s23,s1272,1,
s1020,s2116,2,
s803,s1487,20,
s688,s178,8,
s925,s537,8,
s923,s1172,6,
s2724,s1962,6,
s1635,s2585,14,
s2960,s393,7,
s1447,s2990,9,
s1759,s2772,17,
s2817,s1601,11,
s407,s740,1,
s2670,s991,0,
s71,s288,8,
s2841,s2784,17,
s475,s1699,5,
s2704,s2712,18,
s678,s859,17,
s679,s175,10,
s2094,s1276,17,
s880,s992,3,
s1682,s2266,3,
s1259,s922,9,
s1422,s2573,10,
s2907,s1506,15,
s2591,s228,8,
s1702,s2019,0,
s1683,s1120,17,
s1331,s1483,19,
s2799,s2814,9,
s2725,s458,14,
s1930,s1145,15,
s1796,s2177,19,
s227,s1982,2,
s630,s2795,11,
s1588,s1220,5,
s21,s458,0,
s1700,s2054,1,
s968,s2396,19,
s2247,s1554,7,
s2986,s1071,0,
s403,s482,14,
s1344,s1265,6,
s2112,s226,1,
s422,s1092,5,
s2761,s2932,19,
s1646,s14,18,
s2363,s2373,1,
s678,s326,20,
s1788,s604,15,
s1262,s112,3,
s272,s2162,12,
s1120,s169,0,
s2847,s2853,5,
s579,s240,17,
s227,s2096,8,
s2050,s1012,7,
s1197,s1929,9,
s175,s598,9,
s2015,s1667,1,
s1806,s450,12,
s1434,s2415,0,
s806,s2574,14,
s287,s2247,5,
s2131,s2551,19,
s2734,s1355,4,
s1962,s1706,16,
s2282,s1928,19,
s1222,s404,20,
s79,s1507,19,
s2519,s220,17,
s273,s2074,9,
s551,s1017,2,
s353,s737,0,
s1167,s2606,17,
s879,s1885,3,
s1968,s325,18,
s2317,s2092,7,
s1744,s2280,18,
s2101,s2841,6,
s2880,s2011,7,
s412,s2944,12,
s2866,s2709,0,
s2568,s2136,2,
s13,s2348,3,
s1606,s2590,3,
s1173,s2810,6,
s2120,s2193,13,
s528,s1860,16,
s2820,s2366,9,
s1911,s2188,6,
s2007,s2553,2,
s881,s556,9,
s2566,s1696,8,
s245,s214,10,
s1627,s629,3,
s2419,s1491,15,
s1289,s1890,17,
s1415,s196,5,
s2946,s1403,2,
s770,s480,1,
s553,s2139,18,
s1526,s2774,1,
s2192,s1327,11,
s337,s1191,17,
s1127,s838,6,
s2627,s2260,1,
s359,s937,14,
s1088,s142,18,
s2135,s2426,0,
s541,s1651,3,
s355,s1828,15,
s1402,s2412,11,
s1809,s2318,13,
s1013,s1738,9,
s2295,s1066,11,
s2332,s334,3,
s1458,s729,3,
s917,s1268,15,
s2297,s1180,10,
s160,s1047,15,
s527,s1751,14,
s346,s2610,13,
s182,s326,2,
s1121,s259,6,
s2686,s2110,5,
s1675,s2027,3,
s1811,s2936,13,
s2049,s679,6,
s128,s632,8,
s1147,s1299,14,
s2272,s1488,11,
s951,s448,7,
s326,s356,19,
s1609,s1150,19,
s1346,s347,16,
s99,s2565,1,
s2599,s861,19,
s847,s480,7,
s1700,s2603,8,
s1643,s1835,12,
s1756,s1971,13,
s2928,s475,5,
s2194,s2514,6,
s543,s476,16,
s1672,s1064,3,
s2531,s2003,1,
s2763,s1901,17,
s2592,s2692,3,
s2488,s2570,16,
s549,s913,20,
s722,s1125,1,
s1512,s2073,16,
s819,s1134,8,
s2980,s594,11,
s1336,s2823,2,
s1794,s508,10,
s2637,s2342,9,
s686,s612,10,
s2281,s212,3,
s2242,s1682,9,
s1798,s2465,16,
s848,s2341,1,
s1977,s2883,3,
s646,s401,19,
s634,s2384,14,
s1755,s2928,11,
s1257,s1387,18,
s2739,s888,1,
s1262,s193,20,
s1777,s2917,7,
s2787,s301,8,
s2532,s1136,8,
s814,s1732,14,
s526,s1283,20,
s782,s2503,0,
s1477,s1880,5,
s2181,s1266,19,
s2978,s501,3,
s2216,s388,8,
s1686,s1088,2,
s970,s1037,5,
s891,s2694,11,
s542,s2815,18,
s2731,s1060,16,
s1923,s1586,8,
s2080,s2234,19,
s1370,s1223,20,
s1855,s1388,12,
s2329,s962,18,
s2937,s787,6,
s1578,s2580,17,
s1088,s533,3,
s2592,s8,17,
s1035,s597,20,
s2536,s793,1,
s1821,s143,0,
s2746,s1093,15,
s1248,s927,9,
s2786,s554,6,
s2636,s1284,8,
s119,s2831,17,
s2923,s1039,4,
s1615,s2765,11,
s2240,s2752,17,
s187,s2231,8,
s1825,s712,8,
s2251,s1358,0,
s31,s1498,6,
s1043,s721,13,
s1436,s1906,16,
s2089,s187,17,
s1578,s2375,2,
s1830,s2878,1,
s1314,s2510,19,
s1579,s1663,9,
s340,s1750,1,
s468,s1805,12,
s891,s781,8,
s864,s2754,16,
s1589,s1509,10,
s502,s1656,5,
s976,s1517,10,
s930,s342,20,
s208,s1806,14,
s402,s2210,0,
s1783,s2519,11,
s1521,s2164,0,
s1912,s2678,20,
s2785,s1405,20,
s1700,s200,3,
s1257,s2110,4,
s1914,s1308,10,
s2551,s1626,2,
s1458,s1042,1,
s444,s999,13,
s11,s1569,18,
s1038,s2906,6,
s2215,s133,14,
s501,s277,10,
s2881,s1329,16,
s1191,s1520,11,
s2742,s2416,12,
s1194,s254,4,
s1351,s973,5,
s374,s2945,2,
s1590,s1014,16,
s2284,s1649,12,
s1161,s259,3,
s1450,s187,9,
s2873,s1511,19,
s1532,s868,6,
s2039,s2972,17,
s2894,s1610,7,
s968,s1685,15,
s101,s956,7,
s2551,s465,18,
s727,s1698,20,
s1514,s2255,16,
s513,s291,20,
s379,s2754,14,
s1962,s406,16,
s1787,s1238,13,
s2386,s73,12,
s1385,s308,7,
s225,s1126,12,
s18,s1210,11,
s1031,s1965,8,
s720,s2669,10,
s1059,s791,3,
s1723,s1416,10,
s1640,s974,18,
s1271,s2806,7,
s2997,s4,11,
s2548,s2098,10,
s1383,s210,17,
s1857,s1877,19,
s2288,s2562,8,
s1996,s2026,14,
s2772,s17,8,
s885,s134,13,
s97,s2401,8,
s2614,s772,2,
s2301,s218,9,
s1522,s2293,18,
s2455,s646,15,
s1580,s624,1,
s2206,s1611,8,
s455,s2433,10,
s2996,s701,17,
s54,s970,14,
s132,s2775,18,
s1224,s511,14,
s1355,s691,19,
s570,s1550,14,
s17,s2672,3,
s956,s2832,0,
s1459,s481,18,
s334,s1363,19,
s100,s533,9,
s2452,s82,0,
s1670,s2292,20,
s2714,s2467,14,
s1888,s782,20,
s901,s703,0,
s2832,s1145,20,
s402,s60,11,
s2493,s1090,10,
s605,s1973,10,
s367,s861,8,
s2567,s2558,1,
s976,s1842,19,
s1148,s1051,11,
s564,s43,7,
s309,s2673,13,
s2604,s2583,13,
s1913,s1380,15,
s1131,s214,20,
s1616,s2202,8,
s307,s1327,2,
s214,s2530,11,
s37,s262,20,
s1400,s754,7,
s1900,s1326,17,
s1790,s2832,9,
s87,s1703,4,
s740,s2508,20,
s178,s1159,8,
s2073,s2285,12,
s327,s636,17,
s2340,s2753,15,
s2541,s1034,18,
s2402,s2106,10,
s2707,s1427,2,
s1639,s1186,5,
s2416,s1240,5,
s2823,s2240,18,
s1869,s2482,16,
s2019,s130,16,
s1544,s435,14,
s879,s1136,10,
s2935,s558,6,
s2539,s397,5,
s2925,s761,0,
s1890,s2991,12,
s2824,s340,3,
s267,s2136,11,
s735,s1375,0,
s2849,s68,18,
s2296,s2504,20,
s1624,s1494,12,
s503,s347,9,
s542,s249,16,
s213,s1970,0,
s812,s861,6,
s1920,s1803,5,
s991,s1099,14,
s2931,s2432,15,
s2638,s1379,2,
s944,s170,9,
s379,s95,15,
s1041,s1438,14,
s2382,s697,6,
s449,s1433,6,
s2614,s1250,0,
s2422,s2034,1,
s2054,s1498,20,
s2526,s546,13,
s1857,s828,15,
s1280,s1955,14,
s164,s944,1,
s443,s591,11,
s874,s417,6,
s469,s2050,12,
s885,s1948,9,
s2493,s2978,3,
s99,s1517,18,
s792,s1176,0,
s2092,s2247,11,
s1697,s2895,15,
s2702,s1987,1,
s457,s1694,7,
s2489,s1482,20,
s2453,s1661,5,
s2253,s953,9,
s1825,s148,19,
s2310,s1006,2,
s1257,s1554,8,
s535,s698,18,
s1145,s2217,12,
s1194,s1705,10,
s2401,s580,18,
s2838,s2313,2,
s2671,s2537,12,
s449,s654,9,
s1281,s460,14,
s2285,s2750,12,
s2972,s275,12,
s1563,s1511,9,
s2236,s2326,0,
s239,s1511,10,
s1676,s177,18,
s2777,s2898,3,
s2242,s1468,5,
s2011,s2838,14,
s843,s299,3,
s216,s2982,18,
s1581,s2265,19,
s1435,s2425,11,
s1,s388,12,
s1668,s2721,2,
s2639,s770,12,
s523,s755,15,
s1770,s2670,9,
s1350,s2087,14,
s515,s1751,5,
s1133,s214,15,
s2005,s1745,7,
s1801,s1697,17,
s741,s2655,16,
s1051,s2939,1,
s143,s733,1,
s2758,s23,5,
s1336,s1186,5,
s2062,s543,20,
s1899,s1793,0,
s1392,s2156,11,
s1755,s2305,6,
s995,s2458,8,
s1808,s2276,19,
s1787,s1741,5,
s1568,s1385,12,
s2805,s1558,12,
s62,s2952,0,
s174,s2861,0,
s2138,s1205,4,
s1485,s553,12,
s663,s46,8,
s656,s2296,9,
s297,s1,5,
s462,s496,18,
s103,s2804,11,
s1047,s258,8,
s1740,s2908,1,
s356,s514,2,
s1968,s1011,15,
s563,s1612,13,
s2835,s406,13,
s732,s333,16,
s932,s2444,10,
s258,s1042,17,
s288,s679,6,
s22,s72,5,
s1335,s2090,3,
s1085,s1004,6,
s1568,s176,19,
s871,s2837,5,
s2521,s2083,11,
s1329,s2663,2,
s2386,s2435,12,
s707,s2850,20,
s22,s2248,4,
s1273,s1463,8,
s1644,s423,1,
s2335,s2988,13,
s1266,s1995,15,
s1215,s452,0,
s726,s887,8,
s2237,s2927,10,
s1228,s2047,5,
s2561,s2926,20,
s197,s1616,11,
s776,s1782,15,
s1677,s2779,20,
s2024,s1134,9,
s197,s2449,7,
s982,s1602,20,
s2141,s1200,12,
s1821,s2435,20,
s1882,s2773,2,
s1997,s993,6,
s2955,s714,7,
s2821,s2173,6,
s812,s1421,15,
s2805,s1254,1,
s1863,s803,20,
s212,s2754,8,
s718,s90,15,
s765,s1624,20,
s2758,s410,12,
s1574,s2435,19,
s235,s103,12,
s1570,s2922,14,
s1538,s2090,10,
s657,s850,18,
s2837,s1075,14,
s970,s197,0,
s771,s2143,5,
s1823,s27,15,
s2114,s2172,0,
s990,s1389,13,
s1694,s1803,10,
s1672,s731,12,
s2956,s1600,20,
s2669,s477,16,
s2408,s1014,4,
s2268,s505,10,
s2437,s1062,17,
s2509,s456,9,
s647,s171,3,
s2886,s704,11,
s2820,s938,10,
s115,s1287,15,
s1566,s543,10,
s118,s2855,2,
s440,s806,1,
s340,s2785,15,
s1450,s1012,11,
s2846,s2238,0,
s1959,s2667,19,
s1444,s68,20,
s2894,s1315,10,
s1572,s572,9,
s65,s2392,8,
s2483,s630,11,
s2792,s656,12,
s1527,s401,2,
s1919,s2634,4,
s80,s390,2,
s1958,s815,13,
s955,s2878,6,
s1475,s2787,5,
s1637,s2725,19,
s2449,s796,5,
s2111,s2724,6,
s748,s1926,10,
s2985,s36,20,
s1324,s1104,15,
s1599,s2360,6,
s2896,s942,2,
s2268,s361,1,
s1160,s1655,12,
s1381,s945,13,
s2261,s1559,3,
s1972,s1634,16,
s96,s1646,14,
s288,s1706,14,
s181,s508,3,
s2830,s2878,7,
s844,s2393,15,
s1343,s691,15,
s2389,s1017,18,
s960,s532,10,
s253,s586,14,
s655,s2663,14,
s1761,s2354,11,
s1467,s2737,19,
s2188,s2613,12,
s1312,s2978,15,
s14,s1568,7,
s2030,s1827,0,
s2815,s208,15,
s271,s249,5,
s2453,s293,18,
s1581,s36,0,
s2641,s2688,13,
s1005,s2765,11,
s328,s853,17,
s1344,s1564,13,
s1756,s302,11,
s597,s2293,7,
s2083,s2917,1,
s1743,s2359,13,
s1614,s984,15,
s1715,s3000,10,
s2089,s1457,5,
s2987,s127,8,
s1806,s67,17,
s1392,s204,14,
s2841,s1589,16,
s1808,s942,2,
s2794,s774,12,
s2499,s1974,3,
s1973,s854,0,
s2845,s1348,13,
s94,s2970,11,
s1923,s527,3,
s2990,s929,8,
s798,s1857,14,
s2523,s2973,3,
s2519,s1846,10,
s1078,s2945,13,
s2280,s2750,5,
s2577,s149,11,
s774,s1752,5,
s1770,s1303,7,
s2371,s1901,20,
s2442,s1017,4,
s1163,s2169,2,
s2843,s675,4,
s22,s1523,18,
s309,s1491,1,
s1585,s1414,15,
s2329,s1496,5,
s2451,s2079,6,
s2117,s881,18,
s302,s1545,7,
s140,s1668,5,
s92,s1121,1,
s44,s2715,8,
s762,s112,8,
s408,s1365,15,
s2477,s1336,0,
s734,s1167,18,
s223,s1035,18,
s227,s1991,5,
s760,s2097,6,
s1142,s655,1,
s2883,s1344,1,
s1236,s658,14,
s1182,s80,2,
s535,s739,19,
s1040,s1852,15,
s379,s545,6,
s83,s782,16,
s785,s1795,18,
s1174,s360,12,
s2105,s678,14,
s346,s2374,16,
s873,s44,13,
s519,s1461,6,
s1467,s1554,11,
s2959,s1892,2,
s2603,s2076,2,
s889,s182,7,
s1055,s2962,6,
s1020,s421,9,
s1159,s352,10,
s393,s2938,8,
s250,s1203,5,
s274,s2028,12,
s2909,s2714,12,
s2442,s226,6,
s2132,s1470,7,
s1905,s2695,13,
s182,s1376,10,
s1782,s1493,17,
s1635,s79,7,
s467,s1502,5,
s2329,s414,16,
s396,s1878,15,
s136,s472,3,
s2818,s1379,8,
s134,s1109,0,
s304,s1894,0,
s2305,s1876,3,
s57,s580,15,
s2859,s1709,11,
s1489,s2443,11,
s1523,s1285,10,
s1575,s2130,19,
s1545,s1678,4,
s92,s149,5,
s1802,s1599,7,
s1551,s2452,5,
s1914,s380,20,
s1999,s2377,19,
s2904,s1583,19,
s1109,s44,12,
s1273,s1136,10,
s64,s277,19,
s2678,s2284,7,
s667,s2229,7,
s2230,s2211,1,
s2980,s2311,2,
s2212,s1166,13,
s2554,s1431,19,
s1541,s1261,9,
s2820,s2153,14,
s352,s1900,2,
s979,s1527,19,
s394,s2147,6,
s194,s1141,11,
s717,s39,14,
s1484,s1375,0,
s395,s1086,13,
s1474,s2065,16,
s1003,s2989,8,
s1991,s2270,18,
s1498,s1008,10,
s972,s1095,11,
s2174,s1809,8,
s2862,s981,20,
s1614,s1017,15,
s2646,s2404,7,
s469,s1382,8,
s2979,s2718,17,
s997,s1368,20,
s776,s596,12,
s800,s755,16,
s2827,s2482,0,
s160,s2093,11,
s2607,s1622,4,
s2790,s2345,16,
s2498,s2183,12,
s690,s1650,1,
s1787,s1177,12,
s2633,s2000,0,
s593,s1635,15,
s95,s578,17,
s61,s1691,1,
s2584,s16,11,
s2972,s921,18,
s1126,s1033,5,
s1185,s2265,3,
s1352,s2724,1,
s2112,s926,2,
s2290,s706,20,
s2554,s1376,17,
s1831,s625,16,
s1298,s1303,19,
s1659,s1184,2,
s1107,s735,19,
s1021,s581,14,
s2874,s2178,19,
s2580,s1635,8,
s2530,s1303,16,
s1648,s2507,3,
s2077,s1511,12,
s1920,s875,15,
s2319,s985,9,
s2524,s1611,5,
s337,s50,18,
s1150,s43,16,
s1475,s2146,17,
s109,s1207,17,
s291,s2959,5,
s1623,s1037,1,
s1669,s886,3,
s2089,s544,20,
s565,s1033,2,
s528,s2531,17,
s78,s2638,5,
s174,s2624,4,
s891,s71,12,
s2752,s917,17,
s2684,s1647,15,
s260,s913,7,
s395,s2965,20,
s80,s2269,12,
s2148,s2864,5,
s319,s732,5,
s284,s2972,17,
s537,s1583,5,
s1850,s1055,12,
s181,s2053,3,
s863,s1502,18,
s1663,s991,5,
s1667,s210,13,
s2559,s1993,20,
s338,s714,18,
s2209,s754,4,
s1058,s46,15,
s1151,s210,6,
s1428,s2975,6,
s833,s406,15,
s2447,s2365,6,
s2926,s1553,11,
s1578,s2496,9,
s1006,s1181,5,
s2859,s1864,2,
s1240,s2195,5,
s415,s2043,19,
s2036,s252,0,
s986,s527,7,
s1645,s2656,16,
s2506,s790,2,
s2309,s2930,2,
s9,s649,19,
s1078,s1797,1,
s2681,s2464,5,
s2191,s2347,1,
s629,s2397,15,
s24,s2553,20,
s1306,s1952,18,
s1241,s332,15,
s132,s308,2,
s177,s2589,1,
s2746,s846,11,
s2731,s1064,7,
s861,s352,10,
s662,s285,1,
s2695,s1907,15,
s106,s1289,20,
s2211,s2429,7,
s2126,s1604,14,
s399,s975,2,
s84,s2538,7,
s1832,s1899,1,
s46,s53,11,
s2451,s1806,17,
s1782,s2833,10,
s996,s557,12,
s321,s452,14,
s1806,s838,16,
s1504,s233,11,
s373,s2866,8,
s162,s1891,5,
s1110,s1873,4,
s1881,s2013,14,
s362,s2637,5,
s2272,s2321,1,
s333,s2867,10,
s413,s1280,7,
s1920,s915,0,
s1303,s445,2,
s2625,s2072,6,
s1415,s1145,14,
s1550,s464,17,
s2758,s2193,1,
s2775,s2876,0,
s733,s236,13,
s2068,s2966,6,
s1569,s1019,17,
s2302,s823,9,
s2799,s355,4,
s1879,s860,11,
s1436,s1373,20,
s431,s268,8,
s556,s1571,7,
s2240,s143,1,
s2377,s1069,16,
s146,s1558,6,
s1257,s1378,9,
s2427,s1104,7,
s1824,s1095,16,
s1403,s2214,14,
s270,s630,12,
s2636,s1866,11,
s2994,s1862,17,
s2332,s349,7,
s759,s2601,18,
s2899,s270,13,
s2329,s899,20,
s1955,s418,5,
s1220,s1208,19,
s153,s1965,6,
s1262,s1501,16,
s139,s1831,8,
s1959,s642,11,
s2188,s833,11,
s2263,s1374,13,
s2921,s1773,6,
s1048,s2974,6,
s277,s1984,10,
s1900,s1655,18,
s1348,s2393,18,
s1413,s1076,1,
s745,s2182,14,
s830,s90,17,
s1807,s2115,1,
s2683,s2893,9,
s1157,s1750,10,
s659,s550,20,
s2947,s131,15,
s1348,s2007,17,
s563,s1621,12,
s2522,s1768,0,
s2133,s456,7,
s1780,s2799,7,
s1714,s1524,20,
s2487,s1582,5,
s2174,s1925,19,
s1757,s1099,11,
s1386,s368,5,
s1130,s2773,11,
s1561,s968,3,
s1362,s591,11,
s1701,s23,18,
s106,s363,18,
s830,s553,9,
s1292,s2908,2,
s1458,s2194,20,
s2792,s1887,4,
s1149,s1117,11,
s2807,s2473,20,
s1003,s809,0,
s34,s2332,9,
s990,s438,10,
s2072,s817,16,
s759,s2991,20,
s1670,s2718,6,
s972,s848,12,
s2558,s188,15,
s1730,s1148,13,
s1336,s1860,4,
s882,s2169,14,
s746,s2217,12,
s2225,s1145,7,
s2546,s2884,9,
s1894,s2070,3,
s1357,s2777,20,
s1179,s1635,15,
s1310,s892,18,
s625,s1293,4,
s1508,s1110,20,
s2377,s1095,17,
s1,s526,14,
s360,s963,13,
s2098,s561,1,
s1559,s1407,14,
s487,s2147,13,
s2725,s2219,5,
s2659,s1843,5,
s1667,s1335,4,
s2574,s745,10,
s1862,s1552,2,
s1432,s867,15,
s394,s2006,7,
s1217,s1888,15,
s2054,s2833,7,
s2212,s502,3,
s483,s1860,20,
s3,s309,18,
s2554,s1239,8,
s562,s708,2,
s2892,s980,8,
s2564,s730,19,
s2387,s197,5,
s2681,s791,13,
s377,s246,10,
s476,s2342,3,
s2234,s1108,7,
s1805,s2046,19,
s2667,s2461,12,
s2499,s407,20,
s1250,s1282,20,
s395,s383,2,
s2998,s2304,7,
s1114,s1551,14,
s150,s2141,9,
s529,s2114,13,
s2867,s1727,13,
s361,s795,3,
s2627,s240,6,
s255,s114,1,
s1884,s164,3,
s2540,s1846,4,
s720,s2362,1,
s1542,s455,10,
s1359,s2003,7,
s2907,s629,10,
s2242,s2782,15,
s20,s198,12,
s778,s1567,12,
s1198,s1212,3,
s756,s844,13,
s2338,s2809,0,
s1630,s1475,11,
s2827,s2158,6,
s1410,s1843,10,
s1954,s1979,13,
s2151,s2538,8,
s541,s1979,17,
s662,s1656,16,
s656,s1603,8,
s1311,s548,16,
s1362,s2122,7,
s2587,s1863,20,
s508,s1177,0,
s2947,s1365,2,
s1680,s2438,6,
s2671,s2068,1,
s521,s839,19,
s837,s179,11,
s2851,s45,11,
s22,s677,16,
s1005,s846,5,
s2361,s1165,13,
s2935,s1836,13,
s2041,s2471,17,
s382,s1433,3,
s1485,s2299,3,
s1318,s143,4,
s1092,s2810,2,
s2941,s1454,1,
s336,s982,4,
s2645,s1870,15,
s1070,s499,4,
s2922,s2888,13,
s1604,s1844,2,
s169,s1642,9,
s1835,s1014,16,
s468,s633,2,
s614,s1384,1,
s1400,s2421,13,
s2574,s1365,20,
s1131,s2069,11,
s1386,s628,6,
s951,s96,1,
s1298,s2600,18,
s1012,s273,9,
s2932,s644,1,
s1087,s2726,6,
s1910,s26,1,
s2304,s1074,6,
s2058,s1433,7,
s1451,s622,2,
s1033,s2917,4,
s1681,s610,19,
s86,s134,16,
s1002,s1343,2,
s322,s1946,15,
s154,s2236,16,
s1800,s2931,3,
s1476,s2108,6,
s1970,s2856,1,
s1547,s473,2,
s2953,s1116,12,
s1300,s2375,14,
s2709,s1328,15,
s2934,s2243,9,
s1786,s1908,19,
s1794,s1739,5,
s2347,s2090,5,
s1481,s2614,6,
s1475,s1740,17,
s58,s674,13,
s213,s2399,12,
s1096,s2278,20,
s2088,s2434,10,
s2037,s390,18,
s1058,s362,6,
s422,s2587,7,
s2559,s808,10,
s356,s1915,0,
s216,s1500,9,
s2136,s2016,1,
s2557,s347,7,
s2156,s1266,19,
s1263,s2220,0,
s2191,s2619,2,
s1583,s20,12,
s2297,s313,7,
s898,s633,15,
s1096,s2326,20,
s1268,s2550,16,
s2250,s2366,18,
s646,s1205,20,
s1953,s2524,10,
s1768,s309,11,
s2462,s780,5,
s173,s959,7,
s1570,s2567,4,
s1853,s1991,6,
s985,s717,13,
s316,s956,8,
s246,s2134,6,
s2530,s890,17,
s470,s461,9,
s1079,s721,11,
s981,s1275,3,
s2118,s50,16,
s1306,s192,9,
s198,s825,15,
s1927,s834,2,
s878,s2061,18,
s2370,s42,5,
s929,s1318,5,
s2591,s1493,5,
s354,s1589,15,
s825,s748,5,
s2046,s1951,15,
s1226,s2996,3,
s1967,s522,10,
s617,s1456,9,
s115,s102,19,
s347,s2642,20,
s1718,s706,1,
s604,s2531,10,
s2310,s1348,20,
s2588,s2834,14,
s130,s1997,11,
s1711,s2879,1,
s2905,s2011,15,
s2939,s1712,14,
s2264,s1265,17,
s1284,s635,16,
s2723,s511,16,
s2790,s2676,2,
s2807,s1510,8,
s2153,s2355,17,
s1497,s2608,12,
s1501,s2305,9,
s1727,s848,3,
s2697,s257,16,
s100,s2831,20,
s2867,s2450,9,
s286,s1119,6,
s2469,s910,13,
s1003,s1212,6,
s1840,s1150,11,
s846,s381,0,
s1016,s1906,1,
s105,s745,17,
s542,s2010,10,
s139,s1555,14,
s1717,s2887,4,
s585,s2047,9,
s151,s740,0,
s969,s736,0,
s2926,s2037,11,
s469,s794,0,
s1631,s3000,8,
s75,s664,14,
s2828,s1390,5,
s2606,s1978,17,
s2211,s2971,3,
s431,s2141,17,
s2149,s2714,17,
s2100,s1375,14,
s2070,s668,18,
s638,s2317,19,
s1798,s846,19,
s967,s2041,3,
s2340,s1866,2,
s647,s999,6,
s2725,s6,19,
s2030,s2898,3,
s2253,s856,5,
s2659,s2627,14,
s1890,s707,10,
s917,s26,3,
s1327,s541,15,
s2308,s949,7,
s1851,s1654,12,
s2499,s1887,16,
s1657,s1792,15,
s1215,s1182,9,
s650,s642,10,
s2025,s1678,5,
s2968,s1768,11,
s1337,s1631,0,
s2476,s480,17,
s1038,s105,6,
s1568,s1489,3,
s1839,s1211,0,
s1112,s781,16,
s983,s2078,8,
s1880,s1690,15,
s814,s2168,1,
s1361,s1294,6,
s268,s2553,15,
s2922,s1803,0,
s1834,s1633,16,
s465,s2668,2,
s2268,s670,16,
s2830,s2812,1,
s1778,s1756,9,
s1139,s2116,11,
s1090,s1334,2,
s914,s1736,20,
s553,s2835,10,
s1508,s2941,10,
s2745,s1412,18,
s1097,s1287,19,
s2472,s1,2,
s423,s853,10,
s874,s2732,4,
s1117,s2907,19,
s1815,s2284,18,
s427,s1934,18,
s158,s2104,13,
s1618,s1010,19,
s2635,s1977,14,
s2906,s2650,3,
s1455,s240,10,
s1000,s586,1,
s2226,s968,16,
s1799,s2494,2,
s2456,s1916,4,
s1645,s50,16,
s2050,s85,20,
s2668,s2507,2,
s1685,s400,8,
s2973,s2037,17,
s2144,s264,16,
s2079,s1057,11,
s1717,s1372,3,
s1991,s1929,18,
s2277,s842,17,
s2312,s1708,1,
s2491,s1334,15,
s2918,s2845,1,
s1571,s2205,13,
s416,s1449,6,
s635,s1934,18,
s80,s1545,5,
s2350,s1559,12,
s2360,s1731,15,
s2225,s1948,3,
s1487,s110,9,
s2647,s2586,7,
s1412,s1326,20,
s1453,s1305,14,
s1169,s1862,14,
s2250,s1339,9,
s2956,s1541,0,
s1899,s2464,14,
s1934,s1022,12,
s823,s189,10,
s1766,s887,3,
s951,s56,3,
s238,s2528,19,
s2950,s1921,11,
s1874,s413,16,
s948,s369,5,
s820,s2125,1,
s460,s141,20,
s1091,s207,12,
s621,s1671,0,
s2332,s863,15,
s1347,s782,20,
s1022,s1973,13,
s2293,s158,16,
s2916,s2708,8,
s2982,s2804,13,
s1465,s1202,12,
s2864,s1068,18,
s2410,s2829,9,
s411,s1209,16,
s2090,s1875,10,
s2900,s2492,14,
s1666,s2366,13,
s1818,s1197,10,
s986,s2246,12,
s1090,s2549,8,
s2322,s600,3,
s370,s488,18,
s1277,s2886,18,
s1374,s1520,16,
s428,s1754,19,
s2259,s69,20,
s1385,s91,1,
s1525,s1047,13,
s1935,s1574,19,
s702,s1896,4,
s63,s2199,13,
s2198,s1127,7,
s1107,s2728,6,
s954,s2828,19,
s1858,s972,20,
s905,s1859,15,
s1895,s2800,6,
s1616,s636,2,
s1866,s98,18,
s2643,s635,18,
s529,s968,9,
s1094,s204,1,
s2756,s484,16,
s764,s2737,15,
s1506,s1161,0,
s594,s2611,4,
s2513,s1363,1,
s1135,s1344,10,
s1867,s1239,17,
s461,s839,9,
s288,s1587,5,
s240,s240,6,
s1536,s2356,1,
s639,s2430,16,
s563,s1737,1,
s1899,s2009,19,
s847,s1018,9,
s2306,s1188,20,
s2426,s1871,12,
s81,s2419,12,
s1653,s818,15,
s1239,s590,5,
s727,s1326,11,
s1077,s1510,20,
s1165,s1273,11,
s1317,s265,14,
s2478,s211,13,
s1988,s2764,9,
s1366,s2162,15,
s385,s2024,13,
s2408,s2798,1,
s307,s280,20,
s1537,s2037,10,
s455,s2529,10,
s2260,s2388,15,
s642,s619,14,
s2300,s2559,3,
s1159,s1299,17,
s833,s101,0,
s1694,s1106,7,
s1518,s2356,13,
s1252,s1894,11,
s235,s1119,6,
s339,s2782,7,
s1190,s2998,13,
s2366,s614,6,
s2672,s26,17,
s2672,s497,20,
s2354,s937,20,
s192,s1302,13,
s1543,s1717,13,
s1972,s1728,1,
s2786,s1294,9,
s2932,s1990,6,
s326,s1142,3,
s1255,s1723,14,
s319,s276,3,
s282,s1185,5,
s646,s2921,1,
s2651,s734,8,
s1884,s983,17,
s2160,s2797,12,
s1308,s1758,1,
s1400,s2154,5,
s1631,s2809,10,
s997,s2015,13,
s757,s1101,18,
s2038,s1924,12,
s2012,s2213,10,
s2654,s2498,8,
s1630,s733,16,
s101,s1648,3,
s694,s1193,11,
s2650,s85,19,
s1966,s2464,19,
s2784,s707,8,
s1714,s2219,13,
s2290,s79,3,
s954,s1236,11,
s2168,s2667,15,
s187,s355,7,
s1296,s2904,19,
s2964,s2163,7,
s293,s684,6,
s228,s848,20,
s1441,s860,9,
s2288,s907,19,
s734,s553,10,
s2581,s663,7,
s2189,s190,17,
s2420,s1424,13,
s1689,s2620,19,
s2917,s485,11,
s2196,s408,19,
s2306,s718,7,
s1118,s1036,16,
s400,s1309,10,
s539,s707,9,
s1132,s1035,1,
s2101,s545,6,
s1118,s1589,13,
s252,s2015,6,
s2795,s689,15,
s2048,s734,10,
s2960,s1467,4,
s1573,s144,14,
s1862,s1874,15,
s2043,s2706,19,
s224,s173,12,
s423,s1067,1,
s971,s1588,5,
s2031,s356,10,
s1875,s2869,15,
s703,s908,13,
s1876,s1333,13,
s2046,s2850,15,
s182,s154,13,
s1962,s510,17,
s2904,s177,4,
s2840,s2021,10,
s882,s1060,15,
s2538,s678,13,
s604,s694,11,
s2147,s1108,18,
s2677,s2039,11,
s2422,s1276,11,
s2957,s1417,4,
s265,s2634,12,
s336,s552,4,
s1870,s2959,12,
s1924,s1394,5,
s2411,s2086,5,
s2686,s1037,5,
s2444,s2188,2,
s2174,s380,0,
s2971,s2047,19,
s1440,s774,0,
s1839,s1531,3,
s342,s2991,7,
s1655,s1913,1,
s1130,s2569,12,
s2746,s2503,8,
s2072,s854,11,
s1257,s2887,4,
s361,s1251,10,
s1785,s1984,0,
s2395,s1893,13,
s763,s494,7,
s1452,s378,13,
s740,s950,10,
s2076,s539,12,
s2639,s1618,9,
s939,s631,20,
s589,s364,7,
s882,s2622,7,
s2508,s1617,9,
s705,s2025,0,
s2444,s2094,13,
s2339,s2541,9,
s533,s2409,18,
s2186,s2956,16,
s1314,s1561,3,
s482,s2119,5,
s275,s1255,4,
s793,s511,4,
s571,s1150,1,
s2305,s2489,15,
s1394,s79,10,
s1,s1373,16,
s2293,s1723,7,
s2938,s1525,0,
s705,s2858,9,
s2725,s1883,5,
s2213,s1318,5,
s845,s2462,5,
s642,s2873,6,
s887,s2144,2,
s1514,s2655,7,
s1446,s2473,2,
s369,s1771,18,
s2234,s1635,9,
s90,s329,2,
s430,s118,13,
s2985,s2629,0,
s188,s2237,10,
s2649,s1708,11,
s2539,s2181,13,
s465,s734,6,
s699,s326,12,
s1928,s1298,8,
s22,s924,13,
s2526,s1836,8,
s1403,s853,6,
s2523,s2124,13,
s593,s1733,13,
s1010,s736,9,
s898,s849,7,
s1059,s2513,3,
s1114,s1821,0,
s681,s2779,4,
s376,s52,20,
s219,s146,18,
s1983,s2207,11,
s2124,s1979,12,
s678,s1799,3,
s734,s2093,17,
s1806,s48,7,
s2990,s1428,8,
s546,s1376,3,
s230,s2229,14,
s1224,s1900,0,
s1187,s1535,2,
s1380,s2440,3,
s2056,s2938,10,
s1347,s1134,11,
s1400,s577,13,
s2984,s2537,6,
s355,s1186,19,
s2771,s590,15,
s422,s1224,18,
s169,s2884,7,
s1889,s2251,6,
s276,s1539,15,
s888,s1584,17,
s863,s2400,16,
s2924,s2092,11,
s437,s512,14,
s1267,s2181,13,
s1765,s1166,1,
s386,s2056,7,
s1867,s1179,4,
s2372,s1582,0,
s1281,s2416,17,
s2316,s446,11,
s1904,s1130,14,
s1709,s1966,10,
s2448,s2074,20,
s2753,s312,14,
s1287,s239,5,
s641,s1559,8,
s253,s785,1,
s544,s430,14,
s2406,s723,4,
s494,s1996,4,
s2055,s135,16,
s451,s2550,6,
s1120,s1231,1,
s2530,s402,12,
s948,s960,17,
s1231,s106,14,
s2173,s205,5,
s206,s1323,19,
s2918,s1366,3,
s1824,s2118,4,
s1871,s2726,16,
s2823,s1072,10,
s2105,s1496,14,
s1875,s77,17,
s2835,s2965,9,
s419,s1978,2,
s342,s857,4,
s2451,s2256,17,
s2025,s1753,5,
s2223,s556,6,
s527,s1789,19,
s862,s2802,12,
s449,s369,13,
s191,s2960,6,
s2319,s2958,19,
s1800,s2410,4,
s1316,s2240,2,
s591,s2196,10,
s2021,s540,5,
s2813,s2870,5,
s2107,s552,9,
s1622,s495,9,
s1733,s1827,14,
s1990,s1793,0,
s1311,s2988,9,
s26,s2285,8,
s2628,s1077,11,
s2113,s793,2,
s2933,s174,4,
s941,s1204,1,
s702,s2304,9,
s1219,s1391,8,
s356,s1328,0,
s2423,s1057,11,
s1014,s1650,14,
s2634,s940,3,
s1222,s1815,4,
s2397,s1139,5,
s369,s1616,0,
s1083,s2236,20,
s304,s2401,15,
s2719,s1410,19,
s1895,s1246,15,
s1355,s2002,13,
s1687,s2280,20,
s447,s773,20,
s703,s1657,10,
s953,s2848,11,
s2864,s2351,4,
s1804,s2055,14,
s1422,s1920,7,
s521,s802,17,
s1531,s2281,11,
s1254,s644,8,
s1724,s495,10,
s1181,s2278,2,
s1141,s482,3,
s924,s437,12,
s419,s2789,8,
s388,s145,14,
s2551,s2926,1,
s1592,s2429,13,
s837,s1406,11,
s1861,s2290,19,
s2935,s2726,14,
s628,s2541,10,
s2073,s1850,18,
s229,s2123,4,
s2402,s2410,4,
s1110,s1259,19,
s1762,s806,17,
s2493,s729,11,
s1684,s984,3,
s750,s836,19,
s828,s800,18,
s2480,s1498,15,
s285,s2547,11,
s2168,s65,19,
s1356,s2861,13,
s664,s2734,16,
s513,s1880,11,
s2892,s2908,3,
s1179,s758,18,
s1160,s2300,8,
s2667,s178,17,
s811,s464,17,
s199,s1305,2,
s1420,s234,2,
s2534,s269,16,
s2883,s2078,14,
s2342,s1564,6,
s342,s1568,10,
s1800,s2200,8,
s2371,s226,8,
s2512,s628,12,
s906,s1506,7,
s405,s2236,18,
s2162,s1659,17,
s2135,s379,1,
s906,s1512,17,
s844,s1986,18,
s2385,s2952,13,
s78,s2151,10,
s677,s571,4,
s2873,s1778,0,
s2361,s2308,16,
s2596,s526,11,
s904,s2695,6,
s1808,s2270,0,
s191,s2960,2,
s2571,s671,8,
s31,s1359,4,
s946,s990,2,
s2563,s616,15,
s1417,s1237,20,
s1501,s674,20,
s1078,s2557,19,
s1840,s188,0,
s2986,s2852,1,
s952,s2649,11,
s2782,s1953,6,
s861,s253,7,
s2129,s2837,11,
s2593,s2385,4,
s2732,s968,1,
s593,s697,17,
s2809,s2366,11,
s2951,s1131,18,
s1103,s2646,6,
s581,s988,1,
s340,s2993,9,
s2403,s654,3,
s696,s1244,13,
s1955,s2164,4,
s2583,s1375,14,
s359,s1334,9,
s939,s563,19,
s1716,s2112,8,
s1089,s253,20,
s1505,s331,16,
s163,s2550,14,
s2359,s1502,12,
s334,s540,6,
s1972,s2288,1,
s862,s350,14,
s1157,s2223,2,
s1684,s2870,7,
s1422,s119,19,
s1985,s520,0,
s2553,s295,12,
s1113,s2508,0,
s2276,s46,17,
s1632,s1346,19,
s981,s1422,14,
s2871,s1117,9,
s1010,s512,1,
s110,s827,11,
s1031,s301,15,
s326,s1056,14,
s1327,s691,7,
s2332,s2768,13,
s2057,s1142,13,
s140,s1041,15,
s1230,s1265,7,
s1345,s947,13,
s2968,s1693,12,
s2523,s2025,6,
s120,s2141,19,
s2174,s1926,3,
s1780,s1284,5,
s679,s209,18,
s21,s1100,5,
s2027,s2774,4,
s1805,s1495,4,
s2243,s1302,0,
s2714,s2765,13,
s18,s716,17,
s2527,s1867,13,
s2927,s1480,17,
s2469,s1375,4,
s495,s1726,7,
s796,s508,4,
s1745,s1333,3,
s364,s182,20,
s586,s2803,10,
s1207,s1779,2,
s869,s2303,1,
s1532,s970,3,
s1538,s2235,18,
s2488,s522,6,
s610,s1118,11,
s94,s1876,4,
s1911,s237,9,
s387,s1029,19,
s418,s2295,7,
s1708,s1173,11,
s1051,s2611,11,
s835,s1693,6,
s1397,s2731,3,
s2586,s197,15,
s477,s2593,3,
s2755,s2723,20,
s491,s156,18,
s785,s189,10,
s2755,s811,17,
s2821,s54,17,
s957,s827,10,
s2133,s2617,20,
s1738,s1852,14,
s1651,s59,5,
s1655,s2901,16,
s1575,s150,18,
s1180,s587,6,
s618,s655,1,
s2236,s1507,8,
s492,s893,20,
s207,s153,19,
s919,s1226,4,
s2206,s1007,20,
s469,s1761,16,
s2181,s750,0,
s633,s2811,7,
s489,s1084,16,
s681,s1106,2,
s1372,s275,7,
s101,s1140,7,
s1827,s670,7,
s1020,s2414,1,
s1010,s1089,8,
s2664,s1313,16,
s1265,s2992,6,
s2996,s1625,2,
s1142,s782,8,
s1871,s1577,4,
s1065,s197,10,
s1585,s1338,19,
s2567,s776,6,
s794,s1081,2,
s56,s213,3,
s530,s2833,6,
s1443,s2202,0,
s318,s112,11,
s1528,s1081,6,
s1623,s1841,15,
s2693,s2388,7,
s401,s1099,4,
s288,s2442,13,
s2009,s582,17,
s1810,s856,3,
s1456,s2247,5,
s2008,s386,16,
s2351,s1835,9,
s362,s1160,20,
s757,s766,10,
s519,s14,13,
s1514,s2019,8,
s1294,s580,4,
s2084,s1223,18,
s2402,s2363,16,
s2665,s769,19,
s2420,s1535,13,
s268,s877,2,
s1476,s164,7,
s575,s1374,14,
s1635,s1074,19,
s994,s851,11,
s973,s2182,7,
s192,s2599,17,
s348,s2073,7,
s2328,s330,15,
s1216,s1442,16,
s1244,s2633,9,
s55,s2137,8,
s1284,s2600,5,
s1061,s2625,7,
s1811,s2258,18,
s2133,s580,4,
s1173,s1854,7,
s144,s1766,4,
s1478,s622,10,
s2056,s1996,13,
s992,s1085,19,
s1532,s380,5,
s2911,s946,8,
s757,s443,17,
s2681,s1821,10,
s376,s2728,6,
s231,s1665,13,
s1163,s708,17,
s236,s1515,11,
s2917,s929,17,
s2030,s689,16,
s2042,s755,12,
